scenario,day,egg,larva,pupa,adult,adult_emergence_rate,units
Polluted stagnant scenario,0.0,100.0,50.0,10.0,5.0,3.2449961479175897,normalized population units per 100m² under parameterized scenarios
Polluted stagnant scenario,0.1,102.47368555294908,50.919603064212644,10.154675187610728,5.265407795307693,3.295188186715114,normalized population units per 100m² under parameterized scenarios
Polluted stagnant scenario,0.2,104.8864087288165,51.86758323545397,10.31341975576033,5.532704312456383,3.346700737929944,normalized population units per 100m² under parameterized scenarios
Polluted stagnant scenario,0.30000000000000004,107.23967174784059,52.84214012739316,10.476372401328629,5.802000560224253,3.399578808646155,normalized population units per 100m² under parameterized scenarios
Polluted stagnant scenario,0.4,109.53493980780854,53.84154167074713,10.64364685376656,6.0734103457693545,3.453859304026766,normalized population units per 100m² under parameterized scenarios
Polluted stagnant scenario,0.5,111.77364219766373,54.86412134879286,10.815333932245085,6.347049383658307,3.50957169485777,normalized population units per 100m² under parameterized scenarios
Polluted stagnant scenario,0.6000000000000001,113.95717299249223,55.90827642583498,10.991503041129581,6.6230345696735045,3.5667385028289966,normalized population units per 100m² under parameterized scenarios
Polluted stagnant scenario,0.7000000000000001,116.0868918884878,56.972465965296166,11.172203641321708,6.90148332964929,3.6253757779839813,normalized population units per 100m² under parameterized scenarios
Polluted stagnant scenario,0.8,118.16412484900155,58.05520930811971,11.357466349557068,7.182513147372327,3.685493455441634,normalized population units per 100m² under parameterized scenarios
Polluted stagnant scenario,0.9,120.19016548035343,59.155082825193105,11.547305277041565,7.466240568293904,3.7470961142828334,normalized population units per 100m² under parameterized scenarios
Polluted stagnant scenario,1.0,122.166275536339,60.27071874276271,11.741718818757219,7.752780893515872,3.8101832336798647,normalized population units per 100m² under parameterized scenarios
Polluted stagnant scenario,1.1,124.09368538339662,61.40080409885548,11.940690215425871,8.042248041868648,3.874749375253421,normalized population units per 100m² under parameterized scenarios
Polluted stagnant scenario,1.2000000000000002,125.97359523049772,62.5440778424791,12.144189643376663,8.334753657623414,3.940784861233796,normalized population units per 100m² under parameterized scenarios
Polluted stagnant scenario,1.3,127.8071757111235,63.69932951510825,12.352174980414977,8.630406881133343,4.008276022985063,normalized population units per 100m² under parameterized scenarios
Polluted stagnant scenario,1.4000000000000001,129.59556857753594,64.86539766774577,12.564592763892191,8.929314035993475,4.077205511898338,normalized population units per 100m² under parameterized scenarios
Polluted stagnant scenario,1.5,131.33988745433632,66.04116814069114,12.781379239981437,9.231578281208455,4.147552639881361,normalized population units per 100m² under parameterized scenarios
Polluted stagnant scenario,1.6,133.0412185212507,67.22557251838313,13.002461269214292,9.537299332386851,4.219293673204803,normalized population units per 100m² under parameterized scenarios
Polluted stagnant scenario,1.7000000000000002,134.70062119166448,68.4175866018943,13.227757195315775,9.846573211022047,4.292402114438887,normalized population units per 100m² under parameterized scenarios
Polluted stagnant scenario,1.8,136.31912876569498,69.61622895181036,13.457177634121212,10.15949204243468,4.3668489584566075,normalized population units per 100m² under parameterized scenarios
Polluted stagnant scenario,1.9000000000000001,137.89774906461676,70.82055948131972,13.690626215922315,10.476143877342503,4.442602933324748,normalized population units per 100m² under parameterized scenarios
Polluted stagnant scenario,2.0,139.43746510225776,72.02967794831267,13.928000431662193,10.796612455183048,4.519630774893835,normalized population units per 100m² under parameterized scenarios
Polluted stagnant scenario,2.1,140.9392356904457,73.24272262814553,14.16919228878344,11.120977076526554,4.5978974396205885,normalized population units per 100m² under parameterized scenarios
Polluted stagnant scenario,2.2,142.4039959609796,74.45886921469119,14.41408872865731,11.449312611169002,4.677366240023532,normalized population units per 100m² under parameterized scenarios
Polluted stagnant scenario,2.3000000000000003,143.83265798850596,75.6773294479871,14.66257231358993,11.781689360389183,4.757999067616242,normalized population units per 100m² under parameterized scenarios
Polluted stagnant scenario,2.4000000000000004,145.22611139364463,76.8973497859098,14.914521926881491,12.118172884070958,4.839756620076287,normalized population units per 100m² under parameterized scenarios
Polluted stagnant scenario,2.5,146.5852238900517,78.11821023496174,15.169813272163372,12.45882395829758,4.922598563279927,normalized population units per 100m² under parameterized scenarios
Polluted stagnant scenario,2.6,147.91084177143708,79.33922334949243,15.428319171360263,12.80369865954487,5.006483627990716,normalized population units per 100m² under parameterized scenarios
Polluted stagnant scenario,2.7,149.20379050436736,80.55973292763566,15.689910259550105,13.152848185626034,5.091369835341276,normalized population units per 100m² under parameterized scenarios
Polluted stagnant scenario,2.8000000000000003,150.46487520559032,81.77911303405466,15.954455275968314,13.506318935583595,5.177214591264065,normalized population units per 100m² under parameterized scenarios
Polluted stagnant scenario,2.9000000000000004,151.6948811446117,82.99676694714051,16.221821467256337,13.8641525105317,5.2639748173453675,normalized population units per 100m² under parameterized scenarios
Polluted stagnant scenario,3.0,152.89457424465468,84.21212610680627,16.491875007298106,14.226385697497935,5.351607087062073,normalized population units per 100m² under parameterized scenarios
Polluted stagnant scenario,3.1,154.06470154669734,85.42464916893256,16.764481282555387,14.593050539660574,5.440067718372877,normalized population units per 100m² under parameterized scenarios
Polluted stagnant scenario,3.2,155.20599168436064,86.6338210203099,17.03950526553258,14.964174335499276,5.529312894907471,normalized population units per 100m² under parameterized scenarios
Polluted stagnant scenario,3.3000000000000003,156.31915533588187,87.83915185900341,17.316811805676206,15.339779691423512,5.619298760363313,normalized population units per 100m² under parameterized scenarios
Polluted stagnant scenario,3.4000000000000004,157.40488566103932,89.04017631575361,17.59626587648178,15.719884599919528,5.709981498691711,normalized population units per 100m² under parameterized scenarios
Polluted stagnant scenario,3.5,158.46385874183187,90.23645255799134,17.8777328713798,16.104502476648243,5.801317430112712,normalized population units per 100m² under parameterized scenarios
Polluted stagnant scenario,3.6,159.4967339957339,91.42756147234726,18.161078808045307,16.493642253116885,5.893263077413479,normalized population units per 100m² under parameterized scenarios
Polluted stagnant scenario,3.7,160.5041545895263,92.61310584011268,18.446170560489996,16.887308445082592,5.985775241262089,normalized population units per 100m² under parameterized scenarios
Polluted stagnant scenario,3.8000000000000003,161.48674784487972,93.79270953255129,18.732876081976944,17.285501221175057,6.078811072543274,normalized population units per 100m² under parameterized scenarios
Polluted stagnant scenario,3.9000000000000004,162.44512561499275,94.9660167892817,19.021064528733127,17.688216532812845,6.172328112503091,normalized population units per 100m² under parameterized scenarios
Polluted stagnant scenario,4.0,163.37988466876743,96.13269146834153,19.310606442931242,18.09544619794379,6.266284352126447,normalized population units per 100m² under parameterized scenarios
Polluted stagnant scenario,4.1000000000000005,164.29160708555347,97.29241625894652,19.601374005954003,18.507177931805533,6.360638314321272,normalized population units per 100m² under parameterized scenarios
Polluted stagnant scenario,4.2,165.18086059230066,98.44489206423782,19.89324107223634,18.92339551923371,6.4553490649002905,normalized population units per 100m² under parameterized scenarios
Polluted stagnant scenario,4.3,166.0481989167065,99.58983733019093,20.18608329665877,19.344078918307908,6.550376253920131,normalized population units per 100m² under parameterized scenarios
Polluted stagnant scenario,4.4,166.89416214936273,100.72698734295808,20.4797783157056,19.769204325535977,6.645680174467087,normalized population units per 100m² under parameterized scenarios
Polluted stagnant scenario,4.5,167.71927707285852,101.85609362047718,20.774205824256164,20.198744301616905,6.741221787575841,normalized population units per 100m² under parameterized scenarios
Polluted stagnant scenario,4.6000000000000005,168.5240574782601,102.97692333715763,21.06924762555044,20.632667908928042,6.8369627384433,normalized population units per 100m² under parameterized scenarios
Polluted stagnant scenario,4.7,169.30900449485952,104.08925870443709,21.36478774937574,21.070940802054576,6.932865394780119,normalized population units per 100m² under parameterized scenarios
Polluted stagnant scenario,4.800000000000001,170.0746069140304,105.1928963644884,21.66071256704166,21.513525315861678,7.028892884120031,normalized population units per 100m² under parameterized scenarios
Polluted stagnant scenario,4.9,170.8213414711905,106.28764690373086,21.95691077630849,21.96038062748303,7.125009088929127,normalized population units per 100m² under parameterized scenarios
Polluted stagnant scenario,5.0,171.5496731484671,107.37333430059297,22.25327347767424,22.41146285856801,7.221178671360958,normalized population units per 100m² under parameterized scenarios
Polluted stagnant scenario,5.1000000000000005,172.26005548118573,108.44979535815388,22.549694278100333,22.866725157912857,7.31736710691549,normalized population units per 100m² under parameterized scenarios
Polluted stagnant scenario,5.2,172.95293082253704,109.51687925523018,22.846069273119433,23.32611784993759,7.4135406786330975,normalized population units per 100m² under parameterized scenarios
Polluted stagnant scenario,5.300000000000001,173.62873061764267,110.57444706578357,23.142297076296256,23.789588551458095,7.509666486654585,normalized population units per 100m² under parameterized scenarios
Polluted stagnant scenario,5.4,174.28787568569274,111.62237125122431,23.4382788855229,24.257082265442776,7.605712469734,normalized population units per 100m² under parameterized scenarios
Polluted stagnant scenario,5.5,174.93077647780666,112.66053521908202,23.733918491435144,24.728541501320564,7.70164740796971,normalized population units per 100m² under parameterized scenarios
Polluted stagnant scenario,5.6000000000000005,175.55783332232505,113.68883291417549,24.029122262601987,25.203906403524805,7.797440917998425,normalized population units per 100m² under parameterized scenarios
Polluted stagnant scenario,5.7,176.16943668141266,114.70716837354283,24.323799175790587,25.683114853200482,7.8930634628161505,normalized population units per 100m² under parameterized scenarios
Polluted stagnant scenario,5.800000000000001,176.76596740427195,115.71545528760201,24.6178608484955,26.166102565348737,7.988486362333915,normalized population units per 100m² under parameterized scenarios
Polluted stagnant scenario,5.9,177.34779694675242,116.71361665375953,24.911221491014917,26.652803222477427,8.083681777826529,normalized population units per 100m² under parameterized scenarios
Polluted stagnant scenario,6.0,177.91528760712757,117.70158438034875,25.20379791458538,27.14314857693136,8.178622714572294,normalized population units per 100m² under parameterized scenarios
Polluted stagnant scenario,6.1000000000000005,178.46879276742985,118.67929887184088,25.495509561837746,27.637068540856696,8.273283031735957,normalized population units per 100m² under parameterized scenarios
Polluted stagnant scenario,6.2,179.0086570947574,119.64670872345921,25.786278449105957,28.13449131180335,8.367637423647919,normalized population units per 100m² under parameterized scenarios
Polluted stagnant scenario,6.300000000000001,179.53521675401086,120.60377038033593,26.076029146898815,28.635343478215287,8.461661413467345,normalized population units per 100m² under parameterized scenarios
Polluted stagnant scenario,6.4,180.04879962006828,121.55044779507101,26.364688768525898,29.13955011833178,8.555331349491269,normalized population units per 100m² under parameterized scenarios
Polluted stagnant scenario,6.5,180.549725511653,122.48671202155212,26.652187018596408,29.64703487108798,8.648624420892453,normalized population units per 100m² under parameterized scenarios
Polluted stagnant scenario,6.6000000000000005,181.03830635634526,123.4125409980579,26.93845608990492,30.157720067112894,8.74151862425886,normalized population units per 100m² under parameterized scenarios
Polluted stagnant scenario,6.7,181.51484638672454,124.32791924020415,27.223430642491834,30.671526822304372,8.833992756798768,normalized population units per 100m² under parameterized scenarios
Polluted stagnant scenario,6.800000000000001,181.97964233425702,125.23283753733872,27.507047785067154,31.188375128173174,8.926026410312799,normalized population units per 100m² under parameterized scenarios
Polluted stagnant scenario,6.9,182.43298363637345,126.12729261027893,27.78924708871914,31.70818392966334,9.017599975642371,normalized population units per 100m² under parameterized scenarios
Polluted stagnant scenario,7.0,182.87515258852628,127.01128691662907,28.06997049908273,32.23087123305915,9.108694614168384,normalized population units per 100m² under parameterized scenarios
Polluted stagnant scenario,7.1000000000000005,183.3064245223508,127.88482838195266,28.349162307469264,32.75635419205175,9.199292248442829,normalized population units per 100m² under parameterized scenarios
Polluted stagnant scenario,7.2,183.72706798137156,128.7479301350328,28.62676912353459,33.28454919108031,9.289375553319594,normalized population units per 100m² under parameterized scenarios
Polluted stagnant scenario,7.300000000000001,184.13734490942582,129.60061020619295,28.902739877220306,33.815371918306894,9.3789279565844,normalized population units per 100m² under parameterized scenarios
Polluted stagnant scenario,7.4,184.537510785387,130.44289136808916,29.177025729543928,34.34873746077892,9.467933610006245,normalized population units per 100m² under parameterized scenarios
Polluted stagnant scenario,7.5,184.92781478604107,131.27480089779132,29.449580041044094,34.88456038130115,9.556377379097881,normalized population units per 100m² under parameterized scenarios
Polluted stagnant scenario,7.6000000000000005,185.30849994572415,132.0963703452445,29.720358339741775,35.422754793441115,9.644244832719247,normalized population units per 100m² under parameterized scenarios
Polluted stagnant scenario,7.7,185.67980332547472,132.90763527408347,29.989318310062423,35.96323442982278,9.7315222394827,normalized population units per 100m² under parameterized scenarios
Polluted stagnant scenario,7.800000000000001,186.0419561349438,133.70863512558913,30.256419709894292,36.50591272307167,9.818196540838482,normalized population units per 100m² under parameterized scenarios
Polluted stagnant scenario,7.9,186.39518388060682,134.49941301030765,30.52162433642513,37.05070287401701,9.904255339988731,normalized population units per 100m² under parameterized scenarios
Polluted stagnant scenario,8.0,186.73970651076266,135.28001550615994,30.784895990178327,37.5975179193506,9.989686890217232,normalized population units per 100m² under parameterized scenarios
Polluted stagnant scenario,8.1,187.07573856733504,136.05049243676504,31.04620045170157,38.146270797118866,10.074480087324893,normalized population units per 100m² under parameterized scenarios
Polluted stagnant scenario,8.200000000000001,187.4034892961972,136.8108967553747,31.305505408488816,38.696874411139305,10.15862444591595,normalized population units per 100m² under parameterized scenarios
Polluted stagnant scenario,8.3,187.72316278190357,137.5612843632103,31.56278041781553,39.24924169238794,10.242110087338014,normalized population units per 100m² under parameterized scenarios
Polluted stagnant scenario,8.4,188.03495807960593,138.301713933174,31.817996869597096,39.8032856584475,10.324927727629651,normalized population units per 100m² under parameterized scenarios
Polluted stagnant scenario,8.5,188.33906935129374,139.0322467204547,32.071127958398236,40.35891947089547,10.40706866843744,normalized population units per 100m² under parameterized scenarios
Polluted stagnant scenario,8.6,188.635685965583,139.75294646457797,32.322148614560874,40.91605649010677,10.48852477466699,normalized population units per 100m² under parameterized scenarios
Polluted stagnant scenario,8.700000000000001,188.92499262016904,140.4638792312916,32.57103546706188,41.47461032818906,10.5692884624303,normalized population units per 100m² under parameterized scenarios
Polluted stagnant scenario,8.8,189.20716946197183,141.16511325871286,32.81776680576024,42.03449490118746,10.649352686794973,normalized population units per 100m² under parameterized scenarios
Polluted stagnant scenario,8.9,189.4823922089767,141.8567187973958,33.06232254828352,42.595624480319714,10.728710931038888,normalized population units per 100m² under parameterized scenarios
Polluted stagnant scenario,9.0,189.75083224074842,142.53876802719458,33.30468417885923,43.15791373504858,10.807357186801012,normalized population units per 100m² under parameterized scenarios
Polluted stagnant scenario,9.1,190.0126567095432,143.21133492056694,33.544834710669974,43.721277779155805,10.885285941865632,normalized population units per 100m² under parameterized scenarios
Polluted stagnant scenario,9.200000000000001,190.26802864937886,143.87449510946036,33.78275864818212,44.285632215794756,10.962492167938061,normalized population units per 100m² under parameterized scenarios
Polluted stagnant scenario,9.3,190.51710708652428,144.52832574699974,34.01844195320605,44.85089318201089,11.038971309631176,normalized population units per 100m² under parameterized scenarios
Polluted stagnant scenario,9.4,190.7600471206598,145.1729054398151,34.25187198884457,45.41697738237803,11.114719266276703,normalized population units per 100m² under parameterized scenarios
Polluted stagnant scenario,9.5,190.9970000258191,145.80831412986316,34.48303748267076,45.98380212823311,11.189732379976448,normalized population units per 100m² under parameterized scenarios
Polluted stagnant scenario,9.600000000000001,191.22811334913564,146.43463298028732,34.71192848966811,46.55128537584095,11.264007423576386,normalized population units per 100m² under parameterized scenarios
Polluted stagnant scenario,9.700000000000001,191.45353101027993,147.05194425806394,34.938536357749314,47.1193457641745,11.337541589477519,normalized population units per 100m² under parameterized scenarios
Polluted stagnant scenario,9.8,191.67339337543302,147.66033127657502,35.16285367784995,47.687902640597024,11.410332473441295,normalized population units per 100m² under parameterized scenarios
Polluted stagnant scenario,9.9,191.88783734850412,148.25987829498564,35.38487424805214,48.25687609353215,11.482378062947753,normalized population units per 100m² under parameterized scenarios
Polluted stagnant scenario,10.0,192.09699646069964,148.85067042032958,35.6045930377929,48.8261869843835,11.553676725581141,normalized population units per 100m² under parameterized scenarios
Polluted stagnant scenario,10.100000000000001,192.301000960325,149.43279350761892,35.82200615390814,49.395756979195504,11.624227198011212,normalized population units per 100m² under parameterized scenarios
Polluted stagnant scenario,10.200000000000001,192.4999778796816,150.00633411273853,36.03711079610435,49.96550856698184,11.6940285715438,normalized population units per 100m² under parameterized scenarios
Polluted stagnant scenario,10.3,192.69405111770524,150.571379406646,36.24990522262756,50.53536508652342,11.763080280980416,normalized population units per 100m² under parameterized scenarios
Polluted stagnant scenario,10.4,192.88334152115124,151.12801709185828,36.4603887162031,51.10525075238587,11.8313820935657,normalized population units per 100m² under parameterized scenarios
Polluted stagnant scenario,10.5,193.0679669655667,151.67633531812572,36.6685615513154,51.675090680591644,11.898934098369752,normalized population units per 100m² under parameterized scenarios
Polluted stagnant scenario,10.600000000000001,193.248042416005,152.21642264372497,36.87442495453462,52.24481090101145,11.965736693414108,normalized population units per 100m² under parameterized scenarios
Polluted stagnant scenario,10.700000000000001,193.42368000180647,152.74836796284953,37.07798107212087,52.814338378605605,12.031790575159354,normalized population units per 100m² under parameterized scenarios
Polluted stagnant scenario,10.8,193.5949890901969,153.2722604346989,37.279232937880366,53.38360103416363,12.097096728074431,normalized population units per 100m² under parameterized scenarios
Polluted stagnant scenario,10.9,193.7620763593076,153.78818941268202,37.47818444199983,53.95252776460679,12.161656414523438,normalized population units per 100m² under parameterized scenarios
Polluted stagnant scenario,11.0,193.92504585325113,154.29624441305072,37.674840296024705,54.52104845004355,12.225471163401055,normalized population units per 100m² under parameterized scenarios
Polluted stagnant scenario,11.100000000000001,194.08399904979765,154.7965150538005,37.86920600251101,55.08909397009166,12.288542760284589,normalized population units per 100m² under parameterized scenarios
Polluted stagnant scenario,11.200000000000001,194.23903492931996,155.2890909912361,38.06128782425293,55.65659622142257,12.350873237448342,normalized population units per 100m² under parameterized scenarios
Polluted stagnant scenario,11.3,194.3902500297989,155.7740618781215,38.25109275906979,56.223488125008906,12.412464865681988,normalized population units per 100m² under parameterized scenarios
Polluted stagnant scenario,11.4,194.53773851782387,156.25151730529743,38.43862850111335,56.789703644464076,12.47332014173481,normalized population units per 100m² under parameterized scenarios
Polluted stagnant scenario,11.5,194.6815922298552,156.7215467823267,38.62390342009439,57.35517778302461,12.533441781574734,normalized population units per 100m² under parameterized scenarios
Polluted stagnant scenario,11.600000000000001,194.82190074222368,157.1842396715155,38.80692653051233,57.919846602337266,12.592832710403343,normalized population units per 100m² under parameterized scenarios
Polluted stagnant scenario,11.700000000000001,194.95875142860032,157.63968514229578,38.98770746510694,58.48364723185017,12.651496054040988,normalized population units per 100m² under parameterized scenarios
Polluted stagnant scenario,11.8,195.09222950367263,158.08797215621328,39.166256446824654,59.04651786616227,12.709435129829847,normalized population units per 100m² under parameterized scenarios
Polluted stagnant scenario,11.9,195.22241808080707,158.52918942088303,39.34258426229102,59.6083977745825,12.766653438025756,normalized population units per 100m² under parameterized scenarios
Polluted stagnant scenario,12.0,195.34939822359078,158.9634253510721,39.51670223925403,60.1692273068963,12.823154654478573,normalized population units per 100m² under parameterized scenarios
Polluted stagnant scenario,12.100000000000001,195.47324899621637,159.39076802910273,39.68862222623252,60.72894789890212,12.878942624028095,normalized population units per 100m² under parameterized scenarios
Polluted stagnant scenario,12.200000000000001,195.594047522664,159.81130517171596,39.8583565544717,61.28750207938561,12.934021348158648,normalized population units per 100m² under parameterized scenarios
Polluted stagnant scenario,12.3,195.71186903795794,160.2251240911148,40.02591801583844,61.84483347579868,12.9883949778261,normalized population units per 100m² under parameterized scenarios
Polluted stagnant scenario,12.4,195.82678692051496,160.63231168532133,40.19131984783995,62.400886806369854,13.04206780859644,normalized population units per 100m² under parameterized scenarios
Polluted stagnant scenario,12.5,195.93887269692254,161.03295446539872,40.354575733235635,62.95560785385565,13.095044280519827,normalized population units per 100m² under parameterized scenarios
Polluted stagnant scenario,12.600000000000001,196.04819616476885,161.42713842561196,40.51569973660101,63.508943517710854,13.147328957545598,normalized population units per 100m² under parameterized scenarios
Polluted stagnant scenario,12.700000000000001,196.1548254188454,161.81494904214588,40.67470629249733,64.06084180207166,13.198926523683319,normalized population units per 100m² under parameterized scenarios
Polluted stagnant scenario,12.8,196.25882687800217,162.1964712711119,40.831610192918504,64.61125180440588,13.249841778929314,normalized population units per 100m² under parameterized scenarios
Polluted stagnant scenario,12.9,196.36026526436743,162.57178961030922,40.98642659927741,65.16012367308235,13.300079643156224,normalized population units per 100m² under parameterized scenarios
Polluted stagnant scenario,13.0,196.45920374179914,162.94098794792686,41.13917097223592,65.70740866891418,13.349645133342868,normalized population units per 100m² under parameterized scenarios
Polluted stagnant scenario,13.100000000000001,196.55570393527577,163.30414957055393,41.289859062964744,66.25305914895881,13.398543360738078,normalized population units per 100m² under parameterized scenarios
Polluted stagnant scenario,13.200000000000001,196.6498259571904,163.661357160988,41.43850690132948,66.79702855526375,13.446779527027063,normalized population units per 100m² under parameterized scenarios
Polluted stagnant scenario,13.3,196.7416283826602,164.01269286049512,41.585130812286245,67.33927137203091,13.494358929651794,normalized population units per 100m² under parameterized scenarios
Polluted stagnant scenario,13.4,196.83116837283976,164.35823814310325,41.729747350825924,67.8797431748534,13.541286940700438,normalized population units per 100m² under parameterized scenarios
Polluted stagnant scenario,13.5,196.91850169776416,164.698073817494,41.872373292210476,68.41840061745025,13.587569003739036,normalized population units per 100m² under parameterized scenarios
Polluted stagnant scenario,13.600000000000001,197.0036827616505,165.03228002525816,42.013025620936645,68.95520142035035,13.633210630230241,normalized population units per 100m² under parameterized scenarios
Polluted stagnant scenario,13.700000000000001,197.08676457733642,165.36093630062774,42.15172154817776,69.49010433048227,13.67821740519317,normalized population units per 100m² under parameterized scenarios
Polluted stagnant scenario,13.8,197.16779887339717,165.68412146899723,42.28847845507064,70.0230691573483,13.72259496880002,normalized population units per 100m² under parameterized scenarios
Polluted stagnant scenario,13.9,197.246836121017,166.00191364294747,42.423313880852355,70.55405676287917,13.76634901252647,normalized population units per 100m² under parameterized scenarios
Polluted stagnant scenario,14.0,197.32392555529458,166.31439022442194,42.556245514292776,71.08302904847764,13.809485276371527,normalized population units per 100m² under parameterized scenarios
Polluted stagnant scenario,14.100000000000001,197.39911513591963,166.6216279753561,42.687291220595284,71.60994891049647,13.852009557586804,normalized population units per 100m² under parameterized scenarios
Polluted stagnant scenario,14.200000000000001,197.47245166958527,166.9237029041937,42.816468974138644,72.13478028091231,13.89392768885129,normalized population units per 100m² under parameterized scenarios
Polluted stagnant scenario,14.3,197.54398083573713,167.2206902624407,42.94379684749406,72.65748811708119,13.935245534707377,normalized population units per 100m² under parameterized scenarios
Polluted stagnant scenario,14.4,197.6137472081375,167.51266454598263,43.06929300287852,73.17803838928971,13.975968988787479,normalized population units per 100m² under parameterized scenarios
Polluted stagnant scenario,14.5,197.68179428719765,167.79969948407063,43.19297567735222,73.69639807403547,14.016103969010612,normalized population units per 100m² under parameterized scenarios
Polluted stagnant scenario,14.600000000000001,197.7481644042561,168.08186816926195,43.31486324342074,74.21253508359548,14.05565643724775,normalized population units per 100m² under parameterized scenarios
Polluted stagnant scenario,14.700000000000001,197.8128988358695,168.35924295619083,43.43497414597115,74.72641830008425,14.094632378857648,normalized population units per 100m² under parameterized scenarios
Polluted stagnant scenario,14.8,197.876037897342,168.63189538319205,43.553326851433454,75.23801759918251,14.133037786189728,normalized population units per 100m² under parameterized scenarios
Polluted stagnant scenario,14.9,197.9376209247731,168.89989621663727,43.66993986258805,75.74730381839913,14.170878663389104,normalized population units per 100m² under parameterized scenarios
Polluted stagnant scenario,15.0,197.997686304869,169.1633154426959,43.784831705247754,76.25424874909719,14.208161022074892,normalized population units per 100m² under parameterized scenarios
Polluted stagnant scenario,15.100000000000001,198.05627144184857,169.4222223212549,43.89802095318818,76.75882510279277,14.24489088943013,normalized population units per 100m² under parameterized scenarios
Polluted stagnant scenario,15.200000000000001,198.11341275249194,169.67668541203,44.00952623596671,77.26100648896363,14.281074310739008,normalized population units per 100m² under parameterized scenarios
Polluted stagnant scenario,15.3,198.16914582019155,169.92677244356125,44.119366150062376,77.76076745788775,14.316717320551811,normalized population units per 100m² under parameterized scenarios
Polluted stagnant scenario,15.4,198.2235053641173,170.17255036490062,44.22755928243273,78.25808346786614,14.351825950329104,normalized population units per 100m² under parameterized scenarios
Polluted stagnant scenario,15.5,198.2765252647264,170.4140853416232,44.33412419981123,78.75293087548968,14.386406224968743,normalized population units per 100m² under parameterized scenarios
Polluted stagnant scenario,15.600000000000001,198.32823856296335,170.6514427756883,44.43907945417497,79.24528691700729,14.42046416458015,normalized population units per 100m² under parameterized scenarios
Polluted stagnant scenario,15.700000000000001,198.37867739791,170.88468738123206,44.54244362603075,79.7351296687567,14.45400579853062,normalized population units per 100m² under parameterized scenarios
Polluted stagnant scenario,15.8,198.42787317058293,171.11388305485468,44.64423522874882,80.22243808452373,14.487037134401668,normalized population units per 100m² under parameterized scenarios
Polluted stagnant scenario,15.9,198.47585652483238,171.33909291211194,44.744472725275344,80.70719197068513,14.519564163412216,normalized population units per 100m² under parameterized scenarios
Polluted stagnant scenario,16.0,198.522657363003,171.56037929241782,44.84317452348625,81.18937197317605,14.551592858910908,normalized population units per 100m² under parameterized scenarios
Polluted stagnant scenario,16.1,198.56830486120234,171.77780376373562,44.94035897169694,81.66895956493742,14.583129174919026,normalized population units per 100m² under parameterized scenarios
Polluted stagnant scenario,16.2,198.61282739911772,171.99142719866057,45.03604440574062,82.14593701105663,14.614179061407382,normalized population units per 100m² under parameterized scenarios
Polluted stagnant scenario,16.3,198.65625268154707,172.20130969033357,45.13024908035096,82.6202873839538,14.644748442030021,normalized population units per 100m² under parameterized scenarios
Polluted stagnant scenario,16.400000000000002,198.6986077551469,172.4075105558968,45.22299116377916,83.09199455121507,14.674843212377459,normalized population units per 100m² under parameterized scenarios
Polluted stagnant scenario,16.5,198.73991901087237,172.61008835190256,45.31428874104558,83.56104315969122,14.704469241031832,normalized population units per 100m² under parameterized scenarios
Polluted stagnant scenario,16.6,198.7802121914063,172.80910088408956,45.404159814300044,84.02741862214855,14.733632369683827,normalized population units per 100m² under parameterized scenarios
Polluted stagnant scenario,16.7,198.8195124007913,173.00460521557198,45.49262230183211,84.49110710427844,14.762338412811502,normalized population units per 100m² under parameterized scenarios
Polluted stagnant scenario,16.8,198.85784405262524,173.19665771928968,45.57969407473373,84.95209550170087,14.790593169577315,normalized population units per 100m² under parameterized scenarios
Polluted stagnant scenario,16.900000000000002,198.89523102318142,173.38531398282336,45.66539286797026,85.41037145034424,14.818402394970688,normalized population units per 100m² under parameterized scenarios
Polluted stagnant scenario,17.0,198.93169660673888,173.57062885570477,45.749736312670485,85.86592330461092,14.84577181028612,normalized population units per 100m² under parameterized scenarios
Polluted stagnant scenario,17.1,198.9672635345201,173.75265645090155,45.832741929433716,86.31874012590252,14.872707100951342,normalized population units per 100m² under parameterized scenarios
Polluted stagnant scenario,17.2,199.00195395613767,173.93145016992304,45.91442714403746,86.76881166869592,14.899213921624439,normalized population units per 100m² under parameterized scenarios
Polluted stagnant scenario,17.3,199.03578942953573,174.10706272262718,45.99480929807872,87.21612836711743,14.92529789964696,normalized population units per 100m² under parameterized scenarios
Polluted stagnant scenario,17.400000000000002,199.06879102523777,174.27954607518296,46.07390559134725,87.66068132879678,14.950964616344052,normalized population units per 100m² under parameterized scenarios
Polluted stagnant scenario,17.5,199.10097930020552,174.44895148007745,46.151733102087455,88.10246232031764,14.97621961359945,normalized population units per 100m² under parameterized scenarios
Polluted stagnant scenario,17.6,199.13237431010558,174.61532948201094,46.22830878432673,88.54146375508363,15.001068392988511,normalized population units per 100m² under parameterized scenarios
Polluted stagnant scenario,17.7,199.16299562184946,174.77872992366326,46.303649465047535,88.97767868115524,15.025516414860562,normalized population units per 100m² under parameterized scenarios
Polluted stagnant scenario,17.8,199.19286232512428,174.93920195201179,46.37777184194596,89.41110076911309,15.049569097611549,normalized population units per 100m² under parameterized scenarios
Polluted stagnant scenario,17.900000000000002,199.22199301896765,175.0967940310107,46.45069249431116,89.84172430846313,15.073231821214423,normalized population units per 100m² under parameterized scenarios
Polluted stagnant scenario,18.0,199.25040583831512,175.25155394487945,46.52242787303853,90.26954418949296,15.096509923978395,normalized population units per 100m² under parameterized scenarios
Polluted stagnant scenario,18.1,199.27811847503406,175.40352880303547,46.59299429358664,90.69455588675582,15.11940870026349,normalized population units per 100m² under parameterized scenarios
Polluted stagnant scenario,18.2,199.30514817599374,175.55276505090512,46.6624079410127,91.1167554503885,15.141933402114537,normalized population units per 100m² under parameterized scenarios
Polluted stagnant scenario,18.3,199.3315117502367,175.69930847883344,46.7306848703016,91.53613949385945,15.16408923936795,normalized population units per 100m² under parameterized scenarios
Polluted stagnant scenario,18.400000000000002,199.35722557538793,175.84320423148546,46.79784100715158,91.95270518165472,15.185881379906672,normalized population units per 100m² under parameterized scenarios
Polluted stagnant scenario,18.5,199.38230561820566,175.98449680533537,46.86389213990196,92.3664502210072,15.207314947040727,normalized population units per 100m² under parameterized scenarios
Polluted stagnant scenario,18.6,199.4067675641566,176.12322995527316,46.92885384330064,92.77737288380497,15.228394994769815,normalized population units per 100m² under parameterized scenarios
Polluted stagnant scenario,18.7,199.43062666808245,176.25944683320074,46.992741576570204,93.1854719518213,15.249126539605708,normalized population units per 100m² under parameterized scenarios
Polluted stagnant scenario,18.8,199.45389778628567,176.39318997549273,47.055570668067055,93.59074671206525,15.269514555594153,normalized population units per 100m² under parameterized scenarios
Polluted stagnant scenario,18.900000000000002,199.47659540549085,176.52450129291486,47.11735630187387,93.99319695141924,15.289563969964128,normalized population units per 100m² under parameterized scenarios
Polluted stagnant scenario,19.0,199.49873365056686,176.65342207807709,47.17811351764686,94.39282294557438,15.309279663078282,normalized population units per 100m² under parameterized scenarios
Polluted stagnant scenario,19.1,199.52032629184671,176.77999301307875,47.23785721069475,94.7896254480029,15.328666468458561,normalized population units per 100m² under parameterized scenarios
Polluted stagnant scenario,19.200000000000003,199.54138676769315,176.90425416497408,47.296602122000714,95.18360568300737,15.347729169548321,normalized population units per 100m² under parameterized scenarios
Polluted stagnant scenario,19.3,199.56192822053598,177.0262449704604,47.35436281935336,95.57476534238916,15.36647249358936,normalized population units per 100m² under parameterized scenarios
Polluted stagnant scenario,19.400000000000002,199.58196344462274,177.14600429024372,47.41115373649597,95.96310655946475,15.384901124325806,normalized population units per 100m² under parameterized scenarios
Polluted stagnant scenario,19.5,199.6015049162371,177.2635703980759,47.46698915801823,96.3486319045138,15.403019697101515,normalized population units per 100m² under parameterized scenarios
Polluted stagnant scenario,19.6,199.62056480284218,177.37898098632877,47.52188321807265,96.73134437492713,15.42083279844353,normalized population units per 100m² under parameterized scenarios
Polluted stagnant scenario,19.700000000000003,199.63915497010268,177.4922731731198,47.57584990045303,97.11124738494827,15.438344966087554,normalized population units per 100m² under parameterized scenarios
Polluted stagnant scenario,19.8,199.6572869886343,177.60348350952688,47.62890303881914,97.48834475548556,15.45556068905085,normalized population units per 100m² under parameterized scenarios
Polluted stagnant scenario,19.900000000000002,199.67497215203744,177.71264797722057,47.68105630811398,97.86264070835364,15.472484404847156,normalized population units per 100m² under parameterized scenarios
Polluted stagnant scenario,20.0,199.69222148046742,177.81980199806253,47.7323232271215,98.23413985523412,15.489120500316655,normalized population units per 100m² under parameterized scenarios
Polluted stagnant scenario,20.1,199.7090457146445,177.92498045156748,47.78271716836663,98.60284718320494,15.50547331483854,normalized population units per 100m² under parameterized scenarios
Polluted stagnant scenario,20.200000000000003,199.72545532934424,178.02821767592184,47.83225135285751,98.96876804778933,15.521547138624856,normalized population units per 100m² under parameterized scenarios
Polluted stagnant scenario,20.3,199.7414605394876,178.1295474750576,47.88093885049618,99.33190816338796,15.537346212853777,normalized population units per 100m² under parameterized scenarios
Polluted stagnant scenario,20.400000000000002,199.757071306001,178.22900312578022,47.928792580602476,99.69227359379816,15.552874729839619,normalized population units per 100m² under parameterized scenarios
Polluted stagnant scenario,20.5,199.7722973424641,178.3266173836198,47.97582531195537,100.04987074349408,15.568136833046237,normalized population units per 100m² under parameterized scenarios
Polluted stagnant scenario,20.6,199.7871481378152,178.42242246744442,48.02204965341233,100.40470635978647,15.583136614043024,normalized population units per 100m² under parameterized scenarios
Polluted stagnant scenario,20.700000000000003,199.80163294401066,178.51645008964041,48.06747806502405,100.75678751199985,15.597878116111628,normalized population units per 100m² under parameterized scenarios
Polluted stagnant scenario,20.8,199.81576078082503,178.60873146363912,48.11212285909336,101.10612158224643,15.612365334589578,normalized population units per 100m² under parameterized scenarios
Polluted stagnant scenario,20.900000000000002,199.82954044548617,178.6992973048756,48.15599619838186,101.45271625964364,15.626602216288322,normalized population units per 100m² under parameterized scenarios
Polluted stagnant scenario,21.0,199.84298051796262,178.78817783718515,48.199110096840585,101.79657953188946,15.64059265973035,normalized population units per 100m² under parameterized scenarios
Polluted stagnant scenario,21.1,199.85608936607028,178.87540279918807,48.24147642042493,102.13771967695806,15.654340515413613,normalized population units per 100m² under parameterized scenarios
Polluted stagnant scenario,21.200000000000003,199.86887515171753,178.96100145113783,48.283106886582296,102.47614525417532,15.66784958564528,normalized population units per 100m² under parameterized scenarios
Polluted stagnant scenario,21.3,199.88134584047052,179.04500258301658,48.32401306007673,102.81186509345017,15.68112362318683,normalized population units per 100m² under parameterized scenarios
Polluted stagnant scenario,21.400000000000002,199.89350919858137,179.12743451817641,48.36420636212503,103.14488829155965,15.694166334218712,normalized population units per 100m² under parameterized scenarios
Polluted stagnant scenario,21.5,199.9053727999252,179.2083251205972,48.403698068817235,103.47522420289262,15.706981377827802,normalized population units per 100m² under parameterized scenarios
Polluted stagnant scenario,21.6,199.91694403093175,179.28770180147708,48.442499311574714,103.80288243133752,15.719572366156045,normalized population units per 100m² under parameterized scenarios
Polluted stagnant scenario,21.700000000000003,199.92823009487535,179.36559152564573,48.480621078186395,104.12787282254895,15.731942864736716,normalized population units per 100m² under parameterized scenarios
Polluted stagnant scenario,21.8,199.93923801600067,179.44202081797243,48.51807421391198,104.4502054563252,15.744096392852413,normalized population units per 100m² under parameterized scenarios
Polluted stagnant scenario,21.900000000000002,199.9499746489668,179.51701576506952,48.55486941889029,104.76989064080315,15.756036422694057,normalized population units per 100m² under parameterized scenarios
Polluted stagnant scenario,22.0,199.96044668517337,179.59060201952198,48.59101724764117,105.08693890584465,15.767766379199276,normalized population units per 100m² under parameterized scenarios
Polluted stagnant scenario,22.1,199.97066064565658,179.66280481548225,48.626528117736584,105.40136099240539,15.779289642866159,normalized population units per 100m² under parameterized scenarios
Polluted stagnant scenario,22.200000000000003,199.98062289023346,179.733648970192,48.66141230727744,105.71316784712252,15.790609548934489,normalized population units per 100m² under parameterized scenarios
Polluted stagnant scenario,22.3,199.99033962132194,179.80315888992138,48.69567995597772,106.02237061540735,15.801729387737549,normalized population units per 100m² under parameterized scenarios
Polluted stagnant scenario,22.400000000000002,199.99981688755926,179.87135857593515,48.72934106634149,106.32898063463733,15.812652405084055,normalized population units per 100m² under parameterized scenarios
Polluted stagnant scenario,22.5,200.0090605874395,179.93827163032404,48.762405504813486,106.63300942745259,15.823381802631523,normalized population units per 100m² under parameterized scenarios
Polluted stagnant scenario,22.6,200.01807647977995,180.00392125709638,48.794882999666015,106.9344686944933,15.833920737200572,normalized population units per 100m² under parameterized scenarios
Polluted stagnant scenario,22.700000000000003,200.02687018153057,180.06833027170788,48.82678314488626,107.23337030847757,15.84427232203634,normalized population units per 100m² under parameterized scenarios
Polluted stagnant scenario,22.8,200.0354471685779,180.13152110844464,48.85811540262276,107.52972630809396,15.85443962760239,normalized population units per 100m² under parameterized scenarios
Polluted stagnant scenario,22.900000000000002,200.04381278150888,180.19351582433038,48.88888910325666,107.82354889151698,15.864425681603809,normalized population units per 100m² under parameterized scenarios
Polluted stagnant scenario,23.0,200.05197222876782,180.2543361046748,48.919113446695285,108.11485041028327,15.874233469406978,normalized population units per 100m² under parameterized scenarios
Polluted stagnant scenario,23.1,200.05993058969923,180.31400326857792,48.94879750370277,108.40364336328545,15.883865934471363,normalized population units per 100m² under parameterized scenarios
Polluted stagnant scenario,23.200000000000003,200.06769281828701,180.37253827427986,48.97795021648767,108.68994039078449,15.893325978540197,normalized population units per 100m² under parameterized scenarios
Polluted stagnant scenario,23.3,200.0752637514281,180.4299617238376,49.00658039485245,108.9737542679706,15.902616460390988,normalized population units per 100m² under parameterized scenarios
Polluted stagnant scenario,23.400000000000002,200.08264810450066,180.48629386945984,49.0346967245027,109.25509790018343,15.911740198531852,normalized population units per 100m² under parameterized scenarios
Polluted stagnant scenario,23.5,200.08985047561754,180.54155461860756,49.06230776692194,109.5339843171723,15.920699971160895,normalized population units per 100m² under parameterized scenarios
Polluted stagnant scenario,23.6,200.09687534914988,180.595763539133,49.08942195987624,109.81042666755,15.929498516329954,normalized population units per 100m² under parameterized scenarios
Polluted stagnant scenario,23.700000000000003,200.10372709835067,180.64893986448067,49.11604761871319,110.08443821346017,15.938138532366121,normalized population units per 100m² under parameterized scenarios
Polluted stagnant scenario,23.8,200.11040998788002,180.70110249884132,49.14219293768245,110.35603232536052,15.946622678300255,normalized population units per 100m² under parameterized scenarios
Polluted stagnant scenario,23.900000000000002,200.11692817847654,180.75227002111828,49.167865990377955,110.6252224761955,15.954953574010474,normalized population units per 100m² under parameterized scenarios
Polluted stagnant scenario,24.0,200.1232857325327,180.80246068833694,49.19307472979982,110.89202223536046,15.963133800242254,normalized population units per 100m² under parameterized scenarios
Polluted stagnant scenario,24.1,200.12948660914387,180.85169244431265,49.217826992620466,111.15644526615677,15.971165899992778,normalized population units per 100m² under parameterized scenarios
Polluted stagnant scenario,24.200000000000003,200.13553466944697,180.8999829229878,49.24213049930611,111.41850532000063,15.979052378550358,normalized population units per 100m² under parameterized scenarios
Polluted stagnant scenario,24.3,200.14143367907835,180.94734945313772,49.265992855375885,111.67821623164826,15.986795703903026,normalized population units per 100m² under parameterized scenarios
Polluted stagnant scenario,24.400000000000002,200.14718731038167,180.99380906310753,49.2894215527438,111.93559191458623,15.994398307173988,normalized population units per 100m² under parameterized scenarios
Polluted stagnant scenario,24.5,200.1527991445423,181.0393784854936,49.312423971070714,112.19064635652678,16.001862583060348,normalized population units per 100m² under parameterized scenarios
Polluted stagnant scenario,24.6,200.1582726770074,181.08407416160728,49.33500737721708,112.44339361296666,16.00919088965553,normalized population units per 100m² under parameterized scenarios
Polluted stagnant scenario,24.700000000000003,200.1636113180997,181.1279122461121,49.35717892739685,112.69384780372869,16.016385549148204,normalized population units per 100m² under parameterized scenarios
Polluted stagnant scenario,24.8,200.16881839221608,181.17090861167011,49.37894567010499,112.94202311042521,16.023448848772265,normalized population units per 100m² under parameterized scenarios
Polluted stagnant scenario,24.900000000000002,200.17389714159535,181.21307885330896,49.4003145464153,113.18793377120366,16.030383040903494,normalized population units per 100m² under parameterized scenarios
Polluted stagnant scenario,25.0,200.17885072823034,181.2544382928193,49.42129239130225,113.43159407668131,16.03719034348847,normalized population units per 100m² under parameterized scenarios
Polluted stagnant scenario,25.1,200.18368223571042,181.2950019830971,49.441885934970905,113.67301836598341,16.043872940476145,normalized population units per 100m² under parameterized scenarios
Polluted stagnant scenario,25.200000000000003,200.18839467667237,181.33478471754017,49.46210180392117,113.91222101376533,16.050432982163187,normalized population units per 100m² under parameterized scenarios
Polluted stagnant scenario,25.3,200.19299097323008,181.37380101044096,49.48194652010419,114.14921646635165,16.056872584920228,normalized population units per 100m² under parameterized scenarios
Polluted stagnant scenario,25.400000000000002,200.19747399934383,181.41206514379198,49.50142650440299,114.38401916537418,16.06319383232134,normalized population units per 100m² under parameterized scenarios
Polluted stagnant scenario,25.5,200.20184654539747,181.44959113601513,49.52054807833795,114.61664360619139,16.069398775697447,normalized population units per 100m² under parameterized scenarios
Polluted stagnant scenario,25.6,200.20611133332162,181.48639275802572,49.539317464598135,114.84710431287891,16.075489434308754,normalized population units per 100m² under parameterized scenarios
Polluted stagnant scenario,25.700000000000003,200.2102710179665,181.5224835370218,49.55774078830485,115.07541583518041,16.081467795754765,normalized population units per 100m² under parameterized scenarios
Polluted stagnant scenario,25.8,200.2143281884749,181.5578767602739,49.575824078275176,115.30159274545838,16.087335816384304,normalized population units per 100m² under parameterized scenarios
Polluted stagnant scenario,25.900000000000002,200.21828537083462,181.59258547888408,49.593573267989065,115.52564963450169,16.093095421609327,normalized population units per 100m² under parameterized scenarios
Polluted stagnant scenario,26.0,200.22214503232456,181.62662251149658,49.61099419608063,115.74760110549826,16.098748506064357,normalized population units per 100m² under parameterized scenarios
Polluted stagnant scenario,26.1,200.225909576653,181.66000044824742,49.62809260916839,115.96746177702781,16.104296934524886,normalized population units per 100m² under parameterized scenarios
Polluted stagnant scenario,26.200000000000003,200.2295813476143,181.69273165449542,49.64487416254494,116.1852462777995,16.10974254213118,normalized population units per 100m² under parameterized scenarios
Polluted stagnant scenario,26.3,200.23316263081992,181.72482827460234,49.66134442135042,116.4009692432555,16.11508713476908,normalized population units per 100m² under parameterized scenarios
Polluted stagnant scenario,26.400000000000002,200.23665565511843,181.75630223572125,49.677508861824315,116.6146453124763,16.120332489476183,normalized population units per 100m² under parameterized scenarios
Polluted stagnant scenario,26.5,200.24006259401543,181.78716525158487,49.693372872557084,116.82628912508586,16.12548035484802,normalized population units per 100m² under parameterized scenarios
Polluted stagnant scenario,26.6,200.24338556709571,181.8174288262868,49.708941755738024,117.03591531816103,16.13053245144297,normalized population units per 100m² under parameterized scenarios
Polluted stagnant scenario,26.700000000000003,200.2466266433162,181.8471042526334,49.72422072534311,117.24353852623003,16.135490471194238,normalized population units per 100m² under parameterized scenarios
Polluted stagnant scenario,26.8,200.24978784143715,181.87620261880141,49.73921491000387,117.44917337654515,16.14035607834077,normalized population units per 100m² under parameterized scenarios
Polluted stagnant scenario,26.900000000000002,200.2528711297273,181.90473481710433,49.75392935706447,117.65283448315546,16.14513091074381,normalized population units per 100m² under parameterized scenarios
Polluted stagnant scenario,27.0,200.25587842857405,181.9327115443251,49.768369031886095,117.85453644577825,16.149816579661145,normalized population units per 100m² under parameterized scenarios
Polluted stagnant scenario,27.1,200.25881161193038,181.96014330542624,49.782538819054544,118.05429384674879,16.154414670138987,normalized population units per 100m² under parameterized scenarios
Polluted stagnant scenario,27.200000000000003,200.26167250876162,181.9870404172601,49.79644352358792,118.25212124797014,16.15892674140386,normalized population units per 100m² under parameterized scenarios
Polluted stagnant scenario,27.3,200.26446290449238,182.0134130122786,49.81008787214426,118.44803318786286,16.163354327254478,normalized population units per 100m² under parameterized scenarios
Polluted stagnant scenario,27.400000000000002,200.26718454052377,182.03927103896945,49.823476513573134,118.64204418279003,16.167698936240733,normalized population units per 100m² under parameterized scenarios
Polluted stagnant scenario,27.5,200.26983910109936,182.06462424082176,49.836614015165445,118.8341687578272,16.171962050446766,normalized population units per 100m² under parameterized scenarios
Polluted stagnant scenario,27.6,200.27242823603618,182.08948219615596,49.849504871098176,119.02442139434407,16.176145128231273,normalized population units per 100m² under parameterized scenarios
Polluted stagnant scenario,27.700000000000003,200.274953557906,182.11385431459485,49.86215350219157,119.21281653684835,16.18024960414872,normalized population units per 100m² under parameterized scenarios
Polluted stagnant scenario,27.8,200.27741664061134,182.13774983590184,49.87456425614065,119.39936859659437,16.184276889024474,normalized population units per 100m² under parameterized scenarios
Polluted stagnant scenario,27.900000000000002,200.2798190206613,182.16117783340135,49.88674140866482,119.58409194892891,16.188228370327824,normalized population units per 100m² under parameterized scenarios
Polluted stagnant scenario,28.0,200.2821621984481,182.18414721739907,49.89868916465743,119.76700093063684,16.192105412545054,normalized population units per 100m² under parameterized scenarios
Polluted stagnant scenario,28.1,200.28444763952288,182.2066667386026,49.91041165933545,119.94810983728682,16.19590935755247,normalized population units per 100m² under parameterized scenarios
Polluted stagnant scenario,28.200000000000003,200.2866767663234,182.22874497601723,49.92191295648166,120.12743294180865,16.199641524046022,normalized population units per 100m² under parameterized scenarios
Polluted stagnant scenario,28.3,200.28885095367556,182.25039033097764,49.93319704783599,120.30498450467954,16.203303207343776,normalized population units per 100m² under parameterized scenarios
Polluted stagnant scenario,28.400000000000002,200.29097155484857,182.27161107085539,49.94426786178992,120.48077871617171,16.206895682207257,normalized population units per 100m² under parameterized scenarios
Polluted stagnant scenario,28.5,200.2930398908012,182.2924153129204,49.95512926087315,120.65482972044755,16.210420202025865,normalized population units per 100m² under parameterized scenarios
Polluted stagnant scenario,28.6,200.29505725092577,182.3128110268963,49.96578504274121,120.8271516140886,16.213877999137356,normalized population units per 100m² under parameterized scenarios
Polluted stagnant scenario,28.700000000000003,200.29702489410607,182.33280603802584,49.9762389412586,120.99775844392632,16.21727028517932,normalized population units per 100m² under parameterized scenarios
Polluted stagnant scenario,28.8,200.2989440497754,182.35240803013698,49.986494627582,121.16666420487275,16.220598251440688,normalized population units per 100m² under parameterized scenarios
Polluted stagnant scenario,28.900000000000002,200.30081591841773,182.37162454765718,49.99655571099649,121.33388283911216,16.223863069133078,normalized population units per 100m² under parameterized scenarios
Polluted stagnant scenario,29.0,200.3026416573038,182.3904629697494,50.00642573320292,121.4994282713775,16.22706588753705,normalized population units per 100m² under parameterized scenarios
Polluted stagnant scenario,29.1,200.30442239774683,182.40893054396133,50.01610817658533,121.66331436719503,16.230207836684887,normalized population units per 100m² under parameterized scenarios
Polluted stagnant scenario,29.200000000000003,200.30615924866484,182.42703439401936,50.02560646640494,121.8255549245946,16.23329002807253,normalized population units per 100m² under parameterized scenarios
Polluted stagnant scenario,29.3,200.3078532923779,182.44478151296164,50.034923969549965,121.98616368479728,16.23631355425391,normalized population units per 100m² under parameterized scenarios
Polluted stagnant scenario,29.400000000000002,200.3095055854875,182.4621787658663,50.044063995539595,122.14515433048281,16.239279489166734,normalized population units per 100m² under parameterized scenarios
Polluted stagnant scenario,29.5,200.31111715975575,182.47923289257974,50.05302979752784,122.30254048405726,16.24218888845822,normalized population units per 100m² under parameterized scenarios
Polluted stagnant scenario,29.6,200.3126890229846,182.4959505104449,50.06182457330749,122.45833570592056,16.245042789810896,normalized population units per 100m² under parameterized scenarios
Polluted stagnant scenario,29.700000000000003,200.31422215293654,182.51233810331308,50.07045146281715,122.61255350982566,16.24784221213363,normalized population units per 100m² under parameterized scenarios
Polluted stagnant scenario,29.8,200.31571750276524,182.52840203324376,50.07891355143238,122.76520734996687,16.250588156629608,normalized population units per 100m² under parameterized scenarios
Polluted stagnant scenario,29.900000000000002,200.31717599603172,182.54414853167586,50.08721386802326,122.91631063364845,16.253281606166,normalized population units per 100m² under parameterized scenarios
Polluted stagnant scenario,30.0,200.31859854178055,182.55958373014,50.09535539309247,123.06587668468194,16.25592352791477,normalized population units per 100m² under parameterized scenarios
Restored scenario,0.0,100.0,50.0,10.0,5.0,3.2449961479175897,normalized population units per 100m² under parameterized scenarios
Restored scenario,0.1,102.47368561903619,50.635276795477395,10.153109726640425,5.265390868650139,3.2946801952332794,normalized population units per 100m² under parameterized scenarios
Restored scenario,0.2,104.88640880554306,51.30138666774433,10.307259359813612,5.5325707852996295,3.3447016918182695,normalized population units per 100m² under parameterized scenarios
Restored scenario,0.30000000000000004,107.23967182169157,51.99630773667437,10.462733276793124,5.801556610587287,3.3951529179882867,normalized population units per 100m² under parameterized scenarios
Restored scenario,0.4,109.5349398660886,52.718102525359114,10.619782753551121,6.072373713044478,3.446115412699504,normalized population units per 100m² under parameterized scenarios
Restored scenario,0.5,111.77364225357414,53.46491411188883,10.778628609125,6.34505470013895,3.4976608316444957,normalized population units per 100m² under parameterized scenarios
Restored scenario,0.6000000000000001,113.95717306481694,54.23496374519118,10.939463111158453,6.619638411445623,3.5498515655995755,normalized population units per 100m² under parameterized scenarios
Restored scenario,0.7000000000000001,116.08689190732186,55.026548434464374,11.102451636921343,6.89616911390871,3.6027412794251097,normalized population units per 100m² under parameterized scenarios
Restored scenario,0.8,118.16412484190188,55.838037981936104,11.267734706629758,7.174695531030475,3.65637557187709,normalized population units per 100m² under parameterized scenarios
Restored scenario,0.9,120.19016554355375,56.66787124885776,11.435430571147062,7.455269593318949,3.710792815315126,normalized population units per 100m² under parameterized scenarios
Restored scenario,1.0,122.16627558705247,57.5145553473927,11.605635573777397,7.737946358614746,3.7660242731043,normalized population units per 100m² under parameterized scenarios
Restored scenario,1.1,124.0936854207564,58.376662558654836,11.778426200479798,8.022783062364217,3.8220947649088557,normalized population units per 100m² under parameterized scenarios
Restored scenario,1.2000000000000002,125.97359527659059,59.252827476606996,11.953860940530332,8.309838274626644,3.8790232704763463,normalized population units per 100m² under parameterized scenarios
Restored scenario,1.3,127.80717575631353,60.14174526455443,12.131981252702158,8.599171547452286,3.9368232431626917,normalized population units per 100m² under parameterized scenarios
Restored scenario,1.4000000000000001,129.5955686211892,61.04216923389739,12.312813043004711,8.890842795213038,3.9955030894579746,normalized population units per 100m² under parameterized scenarios
Restored scenario,1.5,131.33988749694763,61.95290872380595,12.49636789145596,9.184911815058202,4.055066567073565,normalized population units per 100m² under parameterized scenarios
Restored scenario,1.6,133.04121856420412,62.87282704288308,12.682644215882787,9.481437846194234,4.115513162594895,normalized population units per 100m² under parameterized scenarios
Restored scenario,1.7000000000000002,134.70062123273627,63.80083948049794,12.871628358569525,9.78047917979932,4.176838444098492,normalized population units per 100m² under parameterized scenarios
Restored scenario,1.8,136.31912879161968,64.73591141325458,13.063295588128842,10.082092816890583,4.239034386258694,normalized population units per 100m² under parameterized scenarios
Restored scenario,1.9000000000000001,137.89774908792901,65.67705629711715,13.257611208111607,10.386334063525299,4.302089730091123,normalized population units per 100m² under parameterized scenarios
Restored scenario,2.0,139.4374651557139,66.62333385916355,13.454531476600481,10.69325623827661,4.365990281360452,normalized population units per 100m² under parameterized scenarios
Restored scenario,2.1,140.93923575726456,67.57384864040232,13.654004196246964,11.002910574206679,4.430719102047201,normalized population units per 100m² under parameterized scenarios
Restored scenario,2.2,142.40399601569868,68.52774817912551,13.855969625165121,11.315345938903866,4.496256805932395,normalized population units per 100m² under parameterized scenarios
Restored scenario,2.3000000000000003,143.83265803366302,69.48422122484709,14.060361424170539,11.630608504271695,4.562581865976248,normalized population units per 100m² under parameterized scenarios
Restored scenario,2.4000000000000004,145.22611144331907,70.44249624501909,14.267107282632473,11.94874162663449,4.629670817406937,normalized population units per 100m² under parameterized scenarios
Restored scenario,2.5,146.58522392478662,71.40184006102928,14.476129414346389,12.26978580744204,4.697498418631055,normalized population units per 100m² under parameterized scenarios
Restored scenario,2.6,147.91084180321516,72.36155614065038,14.687345448905795,12.593778388457501,4.766037940483425,normalized population units per 100m² under parameterized scenarios
Restored scenario,2.7,149.20379053534322,73.32098335976374,14.900668814684051,12.920753576795118,4.83526129050455,normalized population units per 100m² under parameterized scenarios
Restored scenario,2.8000000000000003,150.46487523427948,74.27949458873594,15.11600933724473,13.250742321070993,4.905139207124547,normalized population units per 100m² under parameterized scenarios
Restored scenario,2.9000000000000004,151.6948811743263,75.23649535906875,15.333273761715391,13.583772232695814,4.97564142917323,normalized population units per 100m² under parameterized scenarios
Restored scenario,3.0,152.89457427193463,76.19142262975265,15.552366175090963,13.91986756864761,5.046736832917399,normalized population units per 100m² under parameterized scenarios
Restored scenario,3.1,154.06470157300743,77.14374350606967,15.773188522004782,14.259049138356723,5.118393599428346,normalized population units per 100m² under parameterized scenarios
Restored scenario,3.2,155.2059917105839,78.09295409130453,15.995640961538234,14.60133431922729,5.190579330366438,normalized population units per 100m² under parameterized scenarios
Restored scenario,3.3000000000000003,156.3191553599561,79.03857833540434,16.219622254968037,14.94673704214126,5.2632611738049695,normalized population units per 100m² under parameterized scenarios
Restored scenario,3.4000000000000004,157.40488568561435,79.9801669089389,16.44503014417484,15.295267776586678,5.3364059470236,normalized population units per 100m² under parameterized scenarios
Restored scenario,3.5,158.46385876524067,80.91729617324307,16.671761636186247,15.646933571991358,5.409980228842462,normalized population units per 100m² under parameterized scenarios
Restored scenario,3.6,159.49673402015063,81.84956710630236,16.899713360238565,16.001738044266535,5.483950475488557,normalized population units per 100m² under parameterized scenarios
Restored scenario,3.7,160.50415461815658,82.77660434701939,17.128781802720763,16.359681438299685,5.558283096834979,normalized population units per 100m² under parameterized scenarios
Restored scenario,3.8000000000000003,161.48674786910686,83.69805526093707,17.358863537003682,16.72076068736105,5.632944530980406,normalized population units per 100m² under parameterized scenarios
Restored scenario,3.9000000000000004,162.4451256314778,84.61358894015495,17.589855552103604,17.084969399688106,5.707901350900302,normalized population units per 100m² under parameterized scenarios
Restored scenario,4.0,163.37988468743492,85.52289533989659,17.821655438372982,17.452297934705374,5.783120324703489,normalized population units per 100m² under parameterized scenarios
Restored scenario,4.1000000000000005,164.29160710322307,86.42568447158564,18.054161525899826,17.8227335046103,5.858568460542689,normalized population units per 100m² under parameterized scenarios
Restored scenario,4.2,165.18086060403675,87.32168551586616,18.287273131951462,18.196260198963266,5.934213086909933,normalized population units per 100m² under parameterized scenarios
Restored scenario,4.3,166.0481989292888,88.21064601481983,18.520890736559526,18.572859050149365,6.010021909613823,normalized population units per 100m² under parameterized scenarios
Restored scenario,4.4,166.89416216344443,89.09233116496644,18.75491606515213,18.952508152029832,6.085963038593638,normalized population units per 100m² under parameterized scenarios
Restored scenario,4.5,167.71927708129766,89.96652303285614,18.989252269296856,19.33518271197793,6.162005046570365,normalized population units per 100m² under parameterized scenarios
Restored scenario,4.6000000000000005,168.52405748446546,90.83301979984412,19.223804090911266,19.720855108331115,6.238117022332946,normalized population units per 100m² under parameterized scenarios
Restored scenario,4.7,169.30900450404647,91.69163514925667,19.45847789261985,20.109495025148703,6.3142685805891,normalized population units per 100m² under parameterized scenarios
Restored scenario,4.800000000000001,170.07460691921642,92.54219757092639,19.69318178775815,20.50106952106459,6.390429904151603,normalized population units per 100m² under parameterized scenarios
Restored scenario,4.9,170.82134147304615,93.38454966850756,19.92782577938043,20.895543088684008,6.466571789046234,normalized population units per 100m² under parameterized scenarios
Restored scenario,5.0,171.549673152904,94.21854761376642,20.162321767078826,21.29287778753697,6.5426656467245765,normalized population units per 100m² under parameterized scenarios
Restored scenario,5.1000000000000005,172.26005548346282,95.04406053530641,20.396583630523605,21.69303332742399,6.618683531172807,normalized population units per 100m² under parameterized scenarios
Restored scenario,5.2,172.9529308215263,95.86096989087262,20.630527336927447,22.09596713538428,6.69459817378381,normalized population units per 100m² under parameterized scenarios
Restored scenario,5.300000000000001,173.62873061766825,96.66916897376501,20.864070938526233,22.501634478655166,6.7703829825396955,normalized population units per 100m² under parameterized scenarios
Restored scenario,5.4,174.28787568522466,97.46856237865539,21.09713461688229,22.909988558147095,6.8460120563881866,normalized population units per 100m² under parameterized scenarios
Restored scenario,5.5,174.93077647456988,98.25906543668546,21.329640763501732,23.320980578884637,6.921460211402912,normalized population units per 100m² under parameterized scenarios
Restored scenario,5.6000000000000005,175.55783331828053,99.04060376551308,21.561513970482718,23.734559864278054,6.996702977748772,normalized population units per 100m² under parameterized scenarios
Restored scenario,5.7,176.1694366782649,99.81311280267951,21.792681045282155,24.150673953836453,7.0717166044737265,normalized population units per 100m² under parameterized scenarios
Restored scenario,5.800000000000001,176.7659673998762,100.57653730239866,22.023071063241588,24.56926867893587,7.1464780765534295,normalized population units per 100m² under parameterized scenarios
Restored scenario,5.9,177.34779694260595,101.33083092143762,22.25261535716323,24.990288265777217,7.220965111508648,normalized population units per 100m² under parameterized scenarios
Restored scenario,6.0,177.91528760675249,102.07595581398495,22.48124750796582,25.413675434384846,7.2951561563731,normalized population units per 100m² under parameterized scenarios
Restored scenario,6.1000000000000005,178.46879276110766,102.8118822148943,22.70890335239154,25.839371486143943,7.3690303901943395,normalized population units per 100m² under parameterized scenarios
Restored scenario,6.2,179.00865707222093,103.53858801029088,22.93552100571775,26.267316382380443,7.442567731403706,normalized population units per 100m² under parameterized scenarios
Restored scenario,6.300000000000001,179.53521671218365,104.25605838651975,23.161040836285014,26.697448839672106,7.515748829550686,normalized population units per 100m² under parameterized scenarios
Restored scenario,6.4,180.04879957064793,104.96428545542042,23.385405463992473,27.129706411766218,7.588555064814654,normalized population units per 100m² under parameterized scenarios
Restored scenario,6.5,180.54972545795545,105.66326790998386,23.60855973971675,27.56402557897833,7.660968541326315,normalized population units per 100m² under parameterized scenarios
Restored scenario,6.6000000000000005,181.03830629220195,106.35301074136214,23.830450677667955,28.000341860425884,7.732972065217263,normalized population units per 100m² under parameterized scenarios
Restored scenario,6.7,181.51484631043223,107.03352484185451,24.05102750331806,28.438589857906834,7.804549160172711,normalized population units per 100m² under parameterized scenarios
Restored scenario,6.800000000000001,181.97964225521395,107.70482670721218,24.27024161767496,28.8787033437658,7.875684055838441,normalized population units per 100m² under parameterized scenarios
Restored scenario,6.9,182.43298355459723,108.36693815928734,24.48804655235719,29.32061535040411,7.94636167324257,normalized population units per 100m² under parameterized scenarios
Restored scenario,7.0,182.87515249840598,109.01988607647918,24.70439792613603,29.764258255932056,8.016567610693471,normalized population units per 100m² under parameterized scenarios
Restored scenario,7.1000000000000005,183.30642442362839,109.66370207676007,24.919253452439023,30.209563839070157,8.086288146214674,normalized population units per 100m² under parameterized scenarios
Restored scenario,7.2,183.72706788294116,110.29842226583868,25.132572896350965,30.65646335870311,8.15551022359169,normalized population units per 100m² under parameterized scenarios
Restored scenario,7.300000000000001,184.13734480894797,110.9240869966784,25.344318029059064,31.10488763202851,8.224221437589499,normalized population units per 100m² under parameterized scenarios
Restored scenario,7.4,184.53751067835415,111.54074062085493,25.554452597834008,31.554767101437477,8.2924100242114,normalized population units per 100m² under parameterized scenarios
Restored scenario,7.5,184.92781467299037,112.14843124574313,25.762942298535428,32.00603189731239,8.36006485177706,normalized population units per 100m² under parameterized scenarios
Restored scenario,7.6000000000000005,185.3084998341723,112.74721051356813,25.969754735393263,32.458611905331125,8.427175407871573,normalized population units per 100m² under parameterized scenarios
Restored scenario,7.7,185.67980321249954,113.33713339418951,26.174859371619167,32.91243683831373,8.493731783318882,normalized population units per 100m² under parameterized scenarios
Restored scenario,7.800000000000001,186.04195601676236,113.91825797178983,26.378227499222422,33.36743629192259,8.55972466238706,normalized population units per 100m² under parameterized scenarios
Restored scenario,7.9,186.39518375812312,114.49064524582475,26.579832200085615,33.823539804182396,8.625145310157373,normalized population units per 100m² under parameterized scenarios
Restored scenario,8.0,186.73970639027272,115.05435894241496,26.7796483043652,34.2806769141618,8.689985559025288,normalized population units per 100m² under parameterized scenarios
Restored scenario,8.1,187.07573844555716,115.60946533553088,26.977652350057614,34.73877721597005,8.754237795579687,normalized population units per 100m² under parameterized scenarios
Restored scenario,8.200000000000001,187.4034891696768,116.15603306805437,27.173822543027526,35.19777041378891,8.817894947632048,normalized population units per 100m² under parameterized scenarios
Restored scenario,8.3,187.72316265195087,116.69413298460928,27.36813871685055,35.65758637264767,8.880950471185429,normalized population units per 100m² under parameterized scenarios
Restored scenario,8.4,188.034957952001,117.22383797346902,27.560582289524305,36.118155169462156,8.943398336387212,normalized population units per 100m² under parameterized scenarios
Restored scenario,8.5,188.3390692227882,117.74522281755785,27.75113621778239,36.57940714356088,9.005233012704016,normalized population units per 100m² under parameterized scenarios
Restored scenario,8.6,188.63568583324442,118.25836403987215,27.939784963551578,37.041272938141255,9.066449458037066,normalized population units per 100m² under parameterized scenarios
Restored scenario,8.700000000000001,188.92499248559014,118.76333976568348,28.12651445038892,37.50368354566964,9.127043104586047,normalized population units per 100m² under parameterized scenarios
Restored scenario,8.8,189.20716932944302,119.26022959252329,28.311312018675345,37.966570352010386,9.187009844309445,normalized population units per 100m² under parameterized scenarios
Restored scenario,8.9,189.4823920744462,119.74911445980442,28.494166386286878,38.429865176138634,9.246346016162379,normalized population units per 100m² under parameterized scenarios
Restored scenario,9.0,189.75083210089906,120.23007652067854,28.675067612269128,38.89350030677688,9.305048394308976,normalized population units per 100m² under parameterized scenarios
Restored scenario,9.1,190.01265656625876,120.70319902565954,28.85400705580399,39.357408539579374,9.363114174807091,normalized population units per 100m² under parameterized scenarios
Restored scenario,9.200000000000001,190.2680285088975,121.16856621238026,29.030977334616438,39.821523213050895,9.42054096211132,normalized population units per 100m² under parameterized scenarios
Restored scenario,9.3,190.51710694722735,121.62626321124762,29.205972273948888,40.2857782476913,9.477326752515207,normalized population units per 100m² under parameterized scenarios
Restored scenario,9.4,190.760046981401,122.07637592786736,29.378986882825426,40.750108169430334,9.53346992644899,normalized population units per 100m² under parameterized scenarios
Restored scenario,9.5,190.99699988860198,122.5189909510185,29.550017311825815,41.214448140958936,9.588969234777286,normalized population units per 100m² under parameterized scenarios
Restored scenario,9.600000000000001,191.22811321624323,122.95419546293647,29.71906081400132,41.67873398987365,9.643823786116288,normalized population units per 100m² under parameterized scenarios
Restored scenario,9.700000000000001,191.45353087982545,123.38207713617147,29.886115704951695,42.14290224309518,9.698033033878763,normalized population units per 100m² under parameterized scenarios
Restored scenario,9.8,191.6733932493113,123.80272405768173,30.0511813260024,42.60689014889309,9.751596764325079,normalized population units per 100m² under parameterized scenarios
Restored scenario,9.9,191.8878372309851,124.21622466284211,30.2142580083548,43.07063569487766,9.804515084929951,normalized population units per 100m² under parameterized scenarios
Restored scenario,10.0,192.09699635359564,124.6226676575021,30.375347035523948,43.53407763251484,9.85678841219352,normalized population units per 100m² under parameterized scenarios
Restored scenario,10.100000000000001,192.30100085435828,125.02214193707292,30.53445060947584,43.997155499823684,9.9084174606529,normalized population units per 100m² under parameterized scenarios
Restored scenario,10.200000000000001,192.49997777571022,125.41473647214255,30.691571824035705,44.459809650177704,9.95940323425319,normalized population units per 100m² under parameterized scenarios
Restored scenario,10.3,192.69405102088936,125.8005403108518,30.846714618776904,44.92198125674284,10.009747011384427,normalized population units per 100m² under parameterized scenarios
Restored scenario,10.4,192.88334143572047,126.17964250309049,30.99988374815346,45.38361233208633,10.059450334865108,normalized population units per 100m² under parameterized scenarios
Restored scenario,10.5,193.06796688342232,126.5521320425475,31.151084748711355,45.84464574351637,10.108515001302273,normalized population units per 100m² under parameterized scenarios
Restored scenario,10.600000000000001,193.24804233319702,126.91809776812033,31.30032391231132,46.30502523826544,10.156943052402307,normalized population units per 100m² under parameterized scenarios
Restored scenario,10.700000000000001,193.42367992337896,127.27762833442905,31.447608251726276,46.764695450916705,10.204736763807318,normalized population units per 100m² under parameterized scenarios
Restored scenario,10.8,193.5949890216376,127.63081218843607,31.59294546654013,47.223601908828684,10.25189863402932,normalized population units per 100m² under parameterized scenarios
Restored scenario,10.9,193.76207629695364,127.9777375109469,31.736343914535073,47.68169104586805,10.298431375165416,normalized population units per 100m² under parameterized scenarios
Restored scenario,11.0,193.92504578925144,128.31849216298232,31.87781258319942,48.13891021465896,10.3443379036521,normalized population units per 100m² under parameterized scenarios
Restored scenario,11.100000000000001,194.08399898774823,128.6531636065497,32.01736106481322,48.59520770520427,10.389621332180553,normalized population units per 100m² under parameterized scenarios
Restored scenario,11.200000000000001,194.2390348727006,128.98183892272502,32.15499952263362,49.05053273727908,10.434284958723802,normalized population units per 100m² under parameterized scenarios
Restored scenario,11.3,194.3902499819135,129.30460476061836,32.29073866507577,49.504835470737916,10.478332258158446,normalized population units per 100m² under parameterized scenarios
Restored scenario,11.4,194.53773847052534,129.62154730265445,32.42458971917412,49.95806701110843,10.521766873652831,normalized population units per 100m² under parameterized scenarios
Restored scenario,11.5,194.6815921825287,129.93275219779747,32.55656440646014,50.410179424648106,10.564592608839407,normalized population units per 100m² under parameterized scenarios
Restored scenario,11.600000000000001,194.82190069957994,130.23830455191603,32.686674916637095,50.86112573583954,10.606813419272187,normalized population units per 100m² under parameterized scenarios
Restored scenario,11.700000000000001,194.95875139022795,130.53828891532714,32.81493388223116,51.3108599254351,10.648433404201052,normalized population units per 100m² under parameterized scenarios
Restored scenario,11.8,195.09222946714232,130.8327892478687,32.94135435526091,51.75933693498611,10.689456799000999,normalized population units per 100m² under parameterized scenarios
Restored scenario,11.9,195.222418043213,131.12188888581244,33.065949783758114,52.20651267124184,10.729887967553154,normalized population units per 100m² under parameterized scenarios
Restored scenario,12.0,195.34939819334608,131.405670493328,33.1887339885119,52.652344016092606,10.76973139469827,normalized population units per 100m² under parameterized scenarios
Restored scenario,12.100000000000001,195.47324898796904,131.68421608175498,33.30972114217764,53.09678881146937,10.808991679457552,normalized population units per 100m² under parameterized scenarios
Restored scenario,12.200000000000001,195.59404754646155,131.95760697856866,33.42892574771269,53.53980586259342,10.847673528035081,normalized population units per 100m² under parameterized scenarios
Restored scenario,12.3,195.7118690848742,132.22592380888224,33.54636261773139,53.981354936499386,10.8857817471185,normalized population units per 100m² under parameterized scenarios
Restored scenario,12.4,195.8267869734365,132.48924645265984,33.662046853114404,54.42139676968047,10.923321236937767,normalized population units per 100m² under parameterized scenarios
Restored scenario,12.5,195.938872774383,132.74765404682333,33.77599382453461,54.85989305860005,10.960296985270311,normalized population units per 100m² under parameterized scenarios
Restored scenario,12.600000000000001,196.04819628222302,133.00122498027392,33.888219154173804,55.29680645278489,10.996714061508108,normalized population units per 100m² under parameterized scenarios
Restored scenario,12.700000000000001,196.15482556918494,133.2500368754139,33.998738697293945,55.73210055293304,11.032577610677555,normalized population units per 100m² under parameterized scenarios
Restored scenario,12.8,196.25882703046713,133.49416656926493,34.10756852385066,56.165739909416935,11.067892847473063,normalized population units per 100m² under parameterized scenarios
Restored scenario,12.9,196.36026543298038,133.7336900856158,34.21472489960865,56.59769002449442,11.10266505012901,normalized population units per 100m² under parameterized scenarios
Restored scenario,13.0,196.4592039421897,133.96868265482692,34.32022427282814,57.02791733458878,11.13689955609951,normalized population units per 100m² under parameterized scenarios
Restored scenario,13.100000000000001,196.55570416502673,134.1992186966119,34.42408325744659,57.4563892079876,11.170601756600858,normalized population units per 100m² under parameterized scenarios
Restored scenario,13.200000000000001,196.64982618822867,134.4253718119143,34.52631861762415,57.88307393875415,11.203777091596573,normalized population units per 100m² under parameterized scenarios
Restored scenario,13.3,196.7416286285606,134.64721474881833,34.62694724838907,58.30794075242799,11.236431043516813,normalized population units per 100m² under parameterized scenarios
Restored scenario,13.4,196.83116865589898,134.86481942447196,34.725986165807655,58.73095978639847,11.268569134068535,normalized population units per 100m² under parameterized scenarios
Restored scenario,13.5,196.91850202565237,135.07825692635427,34.823452494161295,59.15210207963967,11.300196920074459,normalized population units per 100m² under parameterized scenarios
Restored scenario,13.600000000000001,197.00368311576028,135.2875975028895,34.91936345176376,59.5713395672806,11.331319988870767,normalized population units per 100m² under parameterized scenarios
Restored scenario,13.700000000000001,197.08676495900573,135.4929105628811,35.013736338598065,59.98864507120071,11.361943954295286,normalized population units per 100m² under parameterized scenarios
Restored scenario,13.8,197.16779927633274,135.6942646718952,35.106588523778925,60.40399229203942,11.392074452619047,normalized population units per 100m² under parameterized scenarios
Restored scenario,13.9,197.2468365433575,135.89172747931323,35.197937421180235,60.81735583288299,11.421717134637426,normalized population units per 100m² under parameterized scenarios
Restored scenario,14.0,197.32392598565693,136.08536579105737,35.28780049105301,61.22871115645917,11.450877666195145,normalized population units per 100m² under parameterized scenarios
Restored scenario,14.100000000000001,197.39911560608712,136.2752455753819,35.376195230229875,61.638034572914975,11.479561725007656,normalized population units per 100m² under parameterized scenarios
Restored scenario,14.200000000000001,197.4724522218092,136.46143194769388,35.46313915900262,62.045303237190566,11.507774996402894,normalized population units per 100m² under parameterized scenarios
Restored scenario,14.3,197.54398149215868,136.64398917324763,35.54864981150657,62.450495138253565,11.535523170201017,normalized population units per 100m² under parameterized scenarios
Restored scenario,14.4,197.61374794774156,136.82298066675443,35.63274472557224,62.853589089948976,11.562811937421273,normalized population units per 100m² under parameterized scenarios
Restored scenario,14.5,197.68179504579084,136.99846894218015,35.715441419820124,63.25456474691486,11.589646982849263,normalized population units per 100m² under parameterized scenarios
Restored scenario,14.600000000000001,197.7481651659324,137.17051567298378,35.7967573999218,63.653402565141626,11.616033987068672,normalized population units per 100m² under parameterized scenarios
Restored scenario,14.700000000000001,197.8128996360879,137.33918169530673,35.87671015021077,64.05008379122876,11.641978623738984,normalized population units per 100m² under parameterized scenarios
Restored scenario,14.8,197.87603876310718,137.50452700154028,35.95531712305056,64.4445904565381,11.667486556145443,normalized population units per 100m² under parameterized scenarios
Restored scenario,14.9,197.93762185669306,137.66661074562,36.03259573154489,64.83690536552976,11.692563434833495,normalized population units per 100m² under parameterized scenarios
Restored scenario,15.0,197.997687255001,137.8254912447161,36.108563341316575,65.22701208609809,11.717214894941058,normalized population units per 100m² under parameterized scenarios
Restored scenario,15.100000000000001,198.0562723738148,137.98122593918438,36.183237249097324,65.61489496212029,11.741446549250906,normalized population units per 100m² under parameterized scenarios
Restored scenario,15.200000000000001,198.11341369942295,138.133871449861,36.25663469283417,66.00053907450084,11.765263991470212,normalized population units per 100m² under parameterized scenarios
Restored scenario,15.3,198.169146812888,138.28348358000628,36.32877284423163,66.38393023164268,11.788672793810479,normalized population units per 100m² under parameterized scenarios
Restored scenario,15.4,198.22350641613164,138.43011731339948,36.39966880028376,66.76505496204874,11.811678504239689,normalized population units per 100m² under parameterized scenarios
Restored scenario,15.5,198.27652635253207,138.5738268213013,36.46933957788399,67.14390050231293,11.834286644733206,normalized population units per 100m² under parameterized scenarios
Restored scenario,15.600000000000001,198.32823962946824,138.71466546554052,36.53780210744559,67.52045478711001,11.856502709203614,normalized population units per 100m² under parameterized scenarios
Restored scenario,15.700000000000001,198.37867846063176,138.85268576803557,36.60507321618666,67.89470645595013,11.878332158076706,normalized population units per 100m² under parameterized scenarios
Restored scenario,15.8,198.4278742583934,138.98793946289007,36.67116963764161,68.26664481893552,11.899780421377951,normalized population units per 100m² under parameterized scenarios
Restored scenario,15.9,198.4758576562896,139.12047749767683,36.73610800540752,68.63625984785966,11.920852896703195,normalized population units per 100m² under parameterized scenarios
Restored scenario,16.0,198.52265853102384,139.25035003489802,36.79990484717699,69.00354216728974,11.941554947282317,normalized population units per 100m² under parameterized scenarios
Restored scenario,16.1,198.5683060202139,139.37760645989866,36.862576581033665,69.36848304251045,11.96189190077714,normalized population units per 100m² under parameterized scenarios
Restored scenario,16.2,198.61282854218587,139.50229538547345,36.92413951016652,69.73107436960383,11.981869047566203,normalized population units per 100m² under parameterized scenarios
Restored scenario,16.3,198.65625383140411,139.62446463426434,36.984609806128745,70.0913086792051,12.00149163531229,normalized population units per 100m² under parameterized scenarios
Restored scenario,16.400000000000002,198.6986089318003,139.74416127925628,37.04400352259105,70.44917910490709,12.020764873425358,normalized population units per 100m² under parameterized scenarios
Restored scenario,16.5,198.73992021719818,139.8614316461243,37.102336589313346,70.80467937507159,12.039693931106365,normalized population units per 100m² under parameterized scenarios
Restored scenario,16.6,198.78021340973152,139.9763213179117,37.15962480748031,71.157803803335,12.058283935833652,normalized population units per 100m² under parameterized scenarios
Restored scenario,16.7,198.81951359509935,140.08887514364648,37.215883847239866,71.50854727682689,12.076539972564182,normalized population units per 100m² under parameterized scenarios
Restored scenario,16.8,198.85784524010248,140.19913724342823,37.27112924371583,71.8569052464015,12.094467082439651,normalized population units per 100m² under parameterized scenarios
Restored scenario,16.900000000000002,198.8952322232754,140.30715099534476,37.32537638450385,72.20287372682705,12.112070258728917,normalized population units per 100m² under parameterized scenarios
Restored scenario,17.0,198.93169782779808,140.41295907301784,37.37864052149988,72.54644926959806,12.129354450666344,normalized population units per 100m² under parameterized scenarios
Restored scenario,17.1,198.96726476016568,140.5166034478342,37.43093676602642,72.88762895500925,12.146324561870262,normalized population units per 100m² under parameterized scenarios
Restored scenario,17.2,199.00195516579828,140.618125394879,37.482280085885584,73.22641038231751,12.16298544938669,normalized population units per 100m² under parameterized scenarios
Restored scenario,17.3,199.03579064217587,140.7175655017791,37.532685303960584,73.5627916584227,12.179341923235523,normalized population units per 100m² under parameterized scenarios
Restored scenario,17.400000000000002,199.06879225484855,140.81496367380976,37.58216709481039,73.89677138866719,12.195398745305491,normalized population units per 100m² under parameterized scenarios
Restored scenario,17.5,199.10098056491864,140.9103591251606,37.630739973450325,74.22834867522175,12.211160625713477,normalized population units per 100m² under parameterized scenarios
Restored scenario,17.6,199.1323756183561,141.00379041470234,37.67841830984904,74.55752309149005,12.226632227508773,normalized population units per 100m² under parameterized scenarios
Restored scenario,17.7,199.16299696407802,141.09529544758888,37.72521632393087,74.88429467509607,12.241818165051345,normalized population units per 100m² under parameterized scenarios
Restored scenario,17.8,199.19286366725237,141.1849114821154,37.771148083739455,75.20866391812514,12.256723003415939,normalized population units per 100m² under parameterized scenarios
Restored scenario,17.900000000000002,199.22199432041185,141.2726751387922,37.816227505015554,75.53063175626299,12.271351258255068,normalized population units per 100m² under parameterized scenarios
Restored scenario,18.0,199.250407054149,141.3586224095538,37.860468350993244,75.85019955795894,12.28570739573289,normalized population units per 100m² under parameterized scenarios
Restored scenario,18.1,199.27811955844865,141.44278865503642,37.90388422445589,76.16736912052849,12.299795829947366,normalized population units per 100m² under parameterized scenarios
Restored scenario,18.2,199.30514910592706,141.5252085994524,37.9464885583364,76.48214266773428,12.313620919880051,normalized population units per 100m² under parameterized scenarios
Restored scenario,18.3,199.3315125288959,141.60591637553594,37.988294639470425,76.79452281877428,12.327186977103995,normalized population units per 100m² under parameterized scenarios
Restored scenario,18.400000000000002,199.3572262433171,141.68494551799174,38.02931559851463,77.10451258688296,12.340498262512229,normalized population units per 100m² under parameterized scenarios
Restored scenario,18.5,199.38230625916464,141.76232897145653,38.06956440956586,77.41211536971717,12.353558986194178,normalized population units per 100m² under parameterized scenarios
Restored scenario,18.6,199.40676818981487,141.83809909919847,38.109053890396204,77.7173349394207,12.366373307511953,normalized population units per 100m² under parameterized scenarios
Restored scenario,18.7,199.43062726109886,141.91228769186503,38.147796702847984,78.02017543276193,12.378945335228504,normalized population units per 100m² under parameterized scenarios
Restored scenario,18.8,199.45389833363788,141.98492596436643,38.18580534397411,78.32064134731371,12.39127912463269,normalized population units per 100m² under parameterized scenarios
Restored scenario,18.900000000000002,199.47659590718462,142.05604456824983,38.2230921495427,78.61873752996888,12.403378678676514,normalized population units per 100m² under parameterized scenarios
Restored scenario,19.0,199.49873411568487,142.12567361194286,38.25966930388237,78.91446916161067,12.415247951169913,normalized population units per 100m² under parameterized scenarios
Restored scenario,19.1,199.52032674373842,142.19384266203363,38.29554883486275,79.20784175138192,12.426890845151958,normalized population units per 100m² under parameterized scenarios
Restored scenario,19.200000000000003,199.54138723471252,142.2605807516049,38.330742614571314,79.49886112751736,12.438311213110453,normalized population units per 100m² under parameterized scenarios
Restored scenario,19.3,199.5619286985586,142.32591638858054,38.36526236012197,79.78753342826724,12.449512857244349,normalized population units per 100m² under parameterized scenarios
Restored scenario,19.400000000000002,199.58196392008185,142.38987756350477,38.39911963406821,80.07386509319744,12.460499529597802,normalized population units per 100m² under parameterized scenarios
Restored scenario,19.5,199.60150538283665,142.45249174501606,38.43232583375268,80.35786286064192,12.471274928604112,normalized population units per 100m² under parameterized scenarios
Restored scenario,19.6,199.62056526031907,142.51378590040312,38.464892203573335,80.63953375291047,12.48184270306608,normalized population units per 100m² under parameterized scenarios
Restored scenario,19.700000000000003,199.63915542100602,142.57378650523194,38.496829837436934,80.91888506697155,12.492206452952178,normalized population units per 100m² under parameterized scenarios
Restored scenario,19.8,199.65728743993944,142.6325195476928,38.52814967653382,81.19592436783071,12.50236972867446,normalized population units per 100m² under parameterized scenarios
Restored scenario,19.900000000000002,199.67497260553003,142.69001053642822,38.55886251039679,81.47065948029343,12.512336031432156,normalized population units per 100m² under parameterized scenarios
Restored scenario,20.0,199.69222192611133,142.74628450833697,38.58897897805851,81.74309848083708,12.522108813587273,normalized population units per 100m² under parameterized scenarios
Restored scenario,20.1,199.7090461385866,142.80136603475393,38.61850956776836,82.01324969022613,12.531691478572693,normalized population units per 100m² under parameterized scenarios
Restored scenario,20.200000000000003,199.7254557279655,142.85527921999568,38.64746460948789,82.2811216692526,12.54108737845696,normalized population units per 100m² under parameterized scenarios
Restored scenario,20.3,199.74146091466153,142.9080477217373,38.675854288505526,82.54672320592425,12.550299818362243,normalized population units per 100m² under parameterized scenarios
Restored scenario,20.400000000000002,199.757071664927,142.95969475538706,38.70368864378178,82.81006330909418,12.559332055927365,normalized population units per 100m² under parameterized scenarios
Restored scenario,20.5,199.77229769858062,143.01024310011672,38.73097756800817,83.0711512015339,12.56818730132691,normalized population units per 100m² under parameterized scenarios
Restored scenario,20.6,199.78714849471467,143.0597151060774,38.75773080892824,83.32999631263617,12.576868717699902,normalized population units per 100m² under parameterized scenarios
Restored scenario,20.700000000000003,199.80163329719173,143.10813270156478,38.78395797073136,83.58660827123752,12.585379421602095,normalized population units per 100m² under parameterized scenarios
Restored scenario,20.8,199.81576112420757,143.1555173985226,38.80966851266292,83.84099689883419,12.593722482554975,normalized population units per 100m² under parameterized scenarios
Restored scenario,20.900000000000002,199.8295407804585,143.20189029693427,38.83487174582744,84.09317220309804,12.601900922008369,normalized population units per 100m² under parameterized scenarios
Restored scenario,21.0,199.84298084714297,143.24727209743656,38.85957684472811,84.34314437010703,12.609917717085029,normalized population units per 100m² under parameterized scenarios
Restored scenario,21.1,199.8560896930453,143.29168310585968,38.88379284465802,84.59092375805827,12.617775799734082,normalized population units per 100m² under parameterized scenarios
Restored scenario,21.200000000000003,199.86887547989113,143.33514323979566,38.90752864284954,84.83652089074747,12.625478057104006,normalized population units per 100m² under parameterized scenarios
Restored scenario,21.3,199.88134616711434,143.3776720352588,38.93079299994898,85.07994645114405,12.63302733202115,normalized population units per 100m² under parameterized scenarios
Restored scenario,21.400000000000002,199.8935095164454,143.41928865328282,38.95359454154266,85.32121127508815,12.640426423484957,normalized population units per 100m² under parameterized scenarios
Restored scenario,21.5,199.90537310326621,143.4600118837092,38.975941755526165,85.56032634524443,12.647678085814276,normalized population units per 100m² under parameterized scenarios
Restored scenario,21.6,199.91694432032887,143.49986015186164,38.99784299404401,85.79730278503277,12.654785029276777,normalized population units per 100m² under parameterized scenarios
Restored scenario,21.700000000000003,199.92823037310973,143.5388515283957,39.01930648044135,86.0321518525208,12.661749922344804,normalized population units per 100m² under parameterized scenarios
Restored scenario,21.8,199.9392382890236,143.5770037335333,39.04034030776032,86.26488493471209,12.668575391207405,normalized population units per 100m² under parameterized scenarios
Restored scenario,21.900000000000002,199.9499749215726,143.61433414316735,39.060952440248926,86.49551354186072,12.675264020259995,normalized population units per 100m² under parameterized scenarios
Restored scenario,22.0,199.960446954343,143.65085979489297,39.08115071490538,86.7240493019083,12.681818352605472,normalized population units per 100m² under parameterized scenarios
Restored scenario,22.1,199.97066090513772,143.68659739391492,39.10094284289986,86.95050395498788,12.68824089051559,normalized population units per 100m² under parameterized scenarios
Restored scenario,22.200000000000003,199.98062313865918,143.72156331736025,39.12033640624989,87.17488934636805,12.694534094352115,normalized population units per 100m² under parameterized scenarios
Restored scenario,22.3,199.99033986177304,143.75577362153567,39.139338864018505,87.3972174228581,12.700700384578127,normalized population units per 100m² under parameterized scenarios
Restored scenario,22.400000000000002,199.99981712508568,143.789244047981,39.15795755499507,87.61750022808596,12.706742142627949,normalized population units per 100m² under parameterized scenarios
Restored scenario,22.5,200.00906082941808,143.8219900285667,39.17619969763773,87.83574989692231,12.712661710888467,normalized population units per 100m² under parameterized scenarios
Restored scenario,22.6,200.01807672921828,143.8540266910263,39.19407239164955,88.05197865059029,12.718461393210594,normalized population units per 100m² under parameterized scenarios
Restored scenario,22.700000000000003,200.02687043584163,143.8853688644118,39.21158261957929,88.26619879189363,12.724143455428711,normalized population units per 100m² under parameterized scenarios
Restored scenario,22.8,200.0354474206986,143.91603108447194,39.22873724844657,88.47842270056398,12.729710125888039,normalized population units per 100m² under parameterized scenarios
Restored scenario,22.900000000000002,200.0438130232984,143.94602759851335,39.24554302860539,88.68866282750433,12.735163595075852,normalized population units per 100m² under parameterized scenarios
Restored scenario,23.0,200.05197246145718,143.97537236998295,39.262006591359366,88.89693168859286,12.740506014847616,normalized population units per 100m² under parameterized scenarios
Restored scenario,23.1,200.05993081675487,144.0040790851302,39.27813446024358,89.1032418645916,12.745739502087956,normalized population units per 100m² under parameterized scenarios
Restored scenario,23.200000000000003,200.0676930447598,144.03216115741102,39.29393304853308,89.30760599511953,12.75086613790215,normalized population units per 100m² under parameterized scenarios
Restored scenario,23.3,200.07526397838848,144.0596317324046,39.30940866050653,89.51003677438169,12.755887968026203,normalized population units per 100m² under parameterized scenarios
Restored scenario,23.400000000000002,200.08264833071044,144.08650369268983,39.324567492968534,89.71054694711971,12.760807003320817,normalized population units per 100m² under parameterized scenarios
Restored scenario,23.5,200.0898506976457,144.11278966264297,39.339415636782746,89.90914930467518,12.765625220268902,normalized population units per 100m² under parameterized scenarios
Restored scenario,23.6,200.09687556101116,144.13850201320255,39.353959078216995,90.10585668094238,12.770344561412061,normalized population units per 100m² under parameterized scenarios
Restored scenario,23.700000000000003,200.1037272997847,144.16365286740816,39.36820369667801,90.30068194435935,12.774966934615517,normalized population units per 100m² under parameterized scenarios
Restored scenario,23.8,200.1104101832522,144.18825410401493,39.382155270290696,90.4936379988259,12.779494214878572,normalized population units per 100m² under parameterized scenarios
Restored scenario,23.900000000000002,200.11692837290877,144.21231736193664,39.39581947763361,90.68473778039741,12.783928244897782,normalized population units per 100m² under parameterized scenarios
Restored scenario,24.0,200.12328592726772,144.23585404491877,39.40920189817334,90.87399425261557,12.788270835207907,normalized population units per 100m² under parameterized scenarios
Restored scenario,24.1,200.12948680421502,144.25887532589147,39.4223080137308,91.0614204031008,12.792523764657718,normalized population units per 100m² under parameterized scenarios
Restored scenario,24.200000000000003,200.13553486327302,144.2813921512455,39.43514320995078,91.24702924024899,12.796688780886878,normalized population units per 100m² under parameterized scenarios
Restored scenario,24.3,200.1414338677738,144.3034152450305,39.44771277777498,91.43083379003299,12.80076760080393,normalized population units per 100m² under parameterized scenarios
Restored scenario,24.400000000000002,200.14718749074268,144.3249551139262,39.46002191333132,91.61284709068978,12.804761910550381,normalized population units per 100m² under parameterized scenarios
Restored scenario,24.5,200.15279932026024,144.3460220520402,39.47207571800671,91.79308218776401,12.808673365524319,normalized population units per 100m² under parameterized scenarios
Restored scenario,24.6,200.1582728511029,144.3666261425774,39.48387920421445,91.97155213721206,12.812503592251934,normalized population units per 100m² under parameterized scenarios
Restored scenario,24.700000000000003,200.16361149147934,144.38677726283052,39.49543729482429,92.1482699997465,12.816254188202555,normalized population units per 100m² under parameterized scenarios
Restored scenario,24.8,200.1688185651791,144.40648508808707,39.506754824473504,92.32324883791014,12.819926722214118,normalized population units per 100m² under parameterized scenarios
Restored scenario,24.900000000000002,200.17389731349002,144.4257590954271,39.51783654094008,92.49650171333651,12.823522734938754,normalized population units per 100m² under parameterized scenarios
Restored scenario,25.0,200.17885089704106,144.44460856744706,39.52868710651278,92.66804168410575,12.827043739287365,normalized population units per 100m² under parameterized scenarios
Restored scenario,25.1,200.18368239809803,144.46304259606478,39.53931109916705,92.83788180184078,12.83049122081123,normalized population units per 100m² under parameterized scenarios
Restored scenario,25.200000000000003,200.18839482900185,144.4810700880774,39.54971301149132,93.00603510471903,12.833866637353552,normalized population units per 100m² under parameterized scenarios
Restored scenario,25.3,200.1929911258943,144.49869976634432,39.55989725489935,93.17251462042034,12.837171420416402,normalized population units per 100m² under parameterized scenarios
Restored scenario,25.400000000000002,200.1974741509164,144.5159401734079,39.569868160750836,93.33733336342398,12.840406975524335,normalized population units per 100m² under parameterized scenarios
Restored scenario,25.5,200.20184669540117,144.5327996753541,39.57962998108236,93.50050433168164,12.84357468246158,normalized population units per 100m² under parameterized scenarios
Restored scenario,25.6,200.2061114814986,144.54928646516055,39.589186889874696,93.66204050439012,12.846675895683294,normalized population units per 100m² under parameterized scenarios
Restored scenario,25.700000000000003,200.21027116373853,144.56540856597442,39.598542984312296,93.82195483985024,12.84971194472425,normalized population units per 100m² under parameterized scenarios
Restored scenario,25.8,200.21432833053183,144.5811738343203,39.607702286034865,93.98026027341251,12.852684134604985,normalized population units per 100m² under parameterized scenarios
Restored scenario,25.900000000000002,200.21828550849514,144.5965899650139,39.61666874173861,94.1369697125531,12.855593746026898,normalized population units per 100m² under parameterized scenarios
Restored scenario,26.0,200.22214516504098,144.61166449497588,39.62544622414199,94.29209603374993,12.858442035685636,normalized population units per 100m² under parameterized scenarios
Restored scenario,26.1,200.2259097037129,144.62640480254802,39.63403853454522,94.44565208681622,12.861230237101655,normalized population units per 100m² under parameterized scenarios
Restored scenario,26.200000000000003,200.22958146857428,144.64081811235008,39.64244940335224,94.59765068998034,12.863959560789597,normalized population units per 100m² under parameterized scenarios
Restored scenario,26.3,200.2331627456187,144.6549114982712,39.65068249123422,94.74810462804075,12.866631194635847,normalized population units per 100m² under parameterized scenarios
Restored scenario,26.400000000000002,200.23665576408612,144.66869188637142,39.658741390292356,94.89702665064068,12.869246304275858,normalized population units per 100m² under parameterized scenarios
Restored scenario,26.5,200.24006269772744,144.6821660577191,39.666629625210504,95.04442947061906,12.871806033468184,normalized population units per 100m² under parameterized scenarios
Restored scenario,26.6,200.2433856738316,144.6953406615011,39.67435065636918,95.1903257503932,12.874311505104968,normalized population units per 100m² under parameterized scenarios
Restored scenario,26.700000000000003,200.24662674544544,144.70822217421366,39.68190787029001,95.33472814911957,12.876763818111177,normalized population units per 100m² under parameterized scenarios
Restored scenario,26.8,200.2497879459025,144.72081698056763,39.689304599148834,95.47764923306075,12.879164053776584,normalized population units per 100m² under parameterized scenarios
Restored scenario,26.900000000000002,200.25287124243312,144.7331313099648,39.69654410775498,95.61910154995897,12.881513271530562,normalized population units per 100m² under parameterized scenarios
Restored scenario,27.0,200.2558785541064,144.7451712615109,39.70362959898589,95.75909760159263,12.883812510705601,normalized population units per 100m² under parameterized scenarios
Restored scenario,27.1,200.258811752751,144.75694280629492,39.710564214786096,95.89764984273717,12.886062790861498,normalized population units per 100m² under parameterized scenarios
Restored scenario,27.200000000000003,200.26167266387571,144.7684517896682,39.717351037166225,96.03477068012604,12.88826511210951,normalized population units per 100m² under parameterized scenarios
Restored scenario,27.3,200.26446306759004,144.7797039335236,39.72399308920195,96.1704724714116,12.890420455436528,normalized population units per 100m² under parameterized scenarios
Restored scenario,27.400000000000002,200.2671847022561,144.7907048406492,39.73049333573432,96.30476752081758,12.892529782932336,normalized population units per 100m² under parameterized scenarios
Restored scenario,27.5,200.26983926521604,144.80145999686107,39.73685468438981,96.43766807833386,12.894594038120598,normalized population units per 100m² under parameterized scenarios
Restored scenario,27.6,200.27242840941065,144.81197477001422,39.743079987049875,96.56918634388914,12.89661414643575,normalized population units per 100m² under parameterized scenarios
Restored scenario,27.700000000000003,200.27495374673612,144.8222544141325,39.74917204058345,96.69933446336061,12.898591015460687,normalized population units per 100m² under parameterized scenarios
Restored scenario,27.8,200.27741684902423,144.83230407173303,39.755133587839474,96.82812452746273,12.900525535248828,normalized population units per 100m² under parameterized scenarios
Restored scenario,27.900000000000002,200.2798192490153,144.842128776145,39.76096731864008,96.9555685706449,12.902418578646422,normalized population units per 100m² under parameterized scenarios
Restored scenario,28.0,200.28216244133108,144.85173345382856,39.766675870773945,97.08167856998898,12.904271001614882,normalized population units per 100m² under parameterized scenarios
Restored scenario,28.1,200.2844478839496,144.86112292645203,39.77226183048621,97.20646644385141,12.906083643389753,normalized population units per 100m² under parameterized scenarios
Restored scenario,28.200000000000003,200.2866770010353,144.87030191231548,39.77772773160953,97.32994404981493,12.907857326198762,normalized population units per 100m² under parameterized scenarios
Restored scenario,28.3,200.28885118061714,144.8792750302576,39.78307605986095,97.45212318526409,12.909592856656127,normalized population units per 100m² under parameterized scenarios
Restored scenario,28.400000000000002,200.2909717766164,144.88804680146612,39.78830925277766,97.57301558574575,12.911291025741729,normalized population units per 100m² under parameterized scenarios
Restored scenario,28.5,200.29304011007167,144.89662165167533,39.7934297004572,97.69263292373826,12.912952609041303,normalized population units per 100m² under parameterized scenarios
Restored scenario,28.6,200.29505747013923,144.9050039134716,39.79843974652344,97.81098680753507,12.914578367059887,normalized population units per 100m² under parameterized scenarios
Restored scenario,28.700000000000003,200.29702511509305,144.91319782859927,39.80334168909249,97.92808878012859,12.916169045535275,normalized population units per 100m² under parameterized scenarios
Restored scenario,28.8,200.29894427307073,144.92120754976855,39.80813778156525,98.04395031857604,12.917725375695191,normalized population units per 100m² under parameterized scenarios
Restored scenario,28.900000000000002,200.30081613450457,144.92903712619076,39.81283022775146,98.15858284912873,12.919248072675048,normalized population units per 100m² under parameterized scenarios
Restored scenario,29.0,200.30264186160275,144.93669052248237,39.81742118861756,98.27199773003719,12.92073783770762,normalized population units per 100m² under parameterized scenarios
Restored scenario,29.1,200.30442259134685,144.94417162487983,39.82191278461429,98.38420624664806,12.92219535887836,normalized population units per 100m² under parameterized scenarios
Restored scenario,29.200000000000003,200.30615943337128,144.95148423743765,39.82630709451507,98.49521961620458,12.92362131074844,normalized population units per 100m² under parameterized scenarios
Restored scenario,29.3,200.30785347085282,144.95863208411785,39.83060615630661,98.60504898693961,12.925016354643759,normalized population units per 100m² under parameterized scenarios
Restored scenario,29.400000000000002,200.3095057614004,144.96561881087925,39.83481196807946,98.71370543716908,12.926381138943935,normalized population units per 100m² under parameterized scenarios
Restored scenario,29.5,200.31111733794458,144.97244798776723,39.83892648891866,98.8211999743852,12.927716299371308,normalized population units per 100m² under parameterized scenarios
Restored scenario,29.6,200.3126892036016,144.97912309996826,39.8429516361464,98.92754354512721,12.92902245809619,normalized population units per 100m² under parameterized scenarios
Restored scenario,29.700000000000003,200.31422232906868,144.98564754350082,39.846889284097216,99.03274704032464,12.930300223339415,normalized population units per 100m² under parameterized scenarios
Restored scenario,29.8,200.31571766868768,144.99202465509197,39.850741274194796,99.13682126725021,12.931550192642263,normalized population units per 100m² under parameterized scenarios
Restored scenario,29.900000000000002,200.31717615395058,144.99825770074452,39.85450941137222,99.23977696182072,12.932772951704818,normalized population units per 100m² under parameterized scenarios
Restored scenario,30.0,200.3185986940627,145.00434987722915,39.858195464765075,99.34162478827369,12.933969074610902,normalized population units per 100m² under parameterized scenarios
